sample_id,filename,content_hash,duplicate_of,prediction,status,runtime_seconds,total_findings,classic_findings,cross_contract_findings,ror_findings,reference_label,reference_runtime_seconds,source_path,report_dir,error
db1_0001_abnb_1,ABNB_1.sol,ae0fb2f0c88da7d5c990d4cceca3afa53dda2b53,,,timeout,240.0293327999534,,,,,True,116.34235084243119,datasets\All_contract_DB1\ABNB_1.sol,,Process timeout after 240s
db1_0002_accesstoken_1,AccessToken_1.sol,41fa0eade435b0c96fd3477f8f93b9080483e1ee,,0,ok,3.242062999983318,0,0,0,0,False,3.234371514059603,datasets\All_contract_DB1\AccessToken_1.sol,,
db1_0003_accesstoken_2,AccessToken_2.sol,41fa0eade435b0c96fd3477f8f93b9080483e1ee,db1_0002_accesstoken_1,0,ok,3.242062999983318,0,0,0,0,False,3.1458898838609457,datasets\All_contract_DB1\AccessToken_2.sol,,
db1_0004_acotoken_1,ACOToken_1.sol,6785ee209ea9466a64374b0ba651487b8849b7e5,,,timeout,240.03028820001055,,,,,False,138.1941577391699,datasets\All_contract_DB1\ACOToken_1.sol,,Process timeout after 240s
db1_0005_acotoken_2,ACOToken_2.sol,6785ee209ea9466a64374b0ba651487b8849b7e5,db1_0004_acotoken_1,,timeout,240.03028820001055,,,,,False,138.76451191306114,datasets\All_contract_DB1\ACOToken_2.sol,,Process timeout after 240s
db1_0006_acotoken_3,ACOToken_3.sol,6785ee209ea9466a64374b0ba651487b8849b7e5,db1_0004_acotoken_1,,timeout,240.03028820001055,,,,,False,137.5032482109964,datasets\All_contract_DB1\ACOToken_3.sol,,Process timeout after 240s
db1_0007_acotoken_4,ACOToken_4.sol,6785ee209ea9466a64374b0ba651487b8849b7e5,db1_0004_acotoken_1,,timeout,240.03028820001055,,,,,False,141.43861862644553,datasets\All_contract_DB1\ACOToken_4.sol,,Process timeout after 240s
db1_0008_acotoken_5,ACOToken_5.sol,6785ee209ea9466a64374b0ba651487b8849b7e5,db1_0004_acotoken_1,,timeout,240.03028820001055,,,,,False,137.39991277921945,datasets\All_contract_DB1\ACOToken_5.sol,,Process timeout after 240s
db1_0009_addressarrayutils_1,AddressArrayUtils_1.sol,cd9237230bcca9611b95f8d280aed8f47c1daf72,,0,ok,2.4147002999670804,0,0,0,0,False,1.234044556505978,datasets\All_contract_DB1\AddressArrayUtils_1.sol,,
db1_0010_addressarrayutils_10,AddressArrayUtils_10.sol,cd9237230bcca9611b95f8d280aed8f47c1daf72,db1_0009_addressarrayutils_1,0,ok,2.4147002999670804,0,0,0,0,False,1.2530105421319604,datasets\All_contract_DB1\AddressArrayUtils_10.sol,,
db1_0011_addressarrayutils_11,AddressArrayUtils_11.sol,cd9237230bcca9611b95f8d280aed8f47c1daf72,db1_0009_addressarrayutils_1,0,ok,2.4147002999670804,0,0,0,0,False,1.2028723899275064,datasets\All_contract_DB1\AddressArrayUtils_11.sol,,
db1_0012_addressarrayutils_2,AddressArrayUtils_2.sol,cd9237230bcca9611b95f8d280aed8f47c1daf72,db1_0009_addressarrayutils_1,0,ok,2.4147002999670804,0,0,0,0,False,1.275483607314527,datasets\All_contract_DB1\AddressArrayUtils_2.sol,,
db1_0013_addressarrayutils_3,AddressArrayUtils_3.sol,cd9237230bcca9611b95f8d280aed8f47c1daf72,db1_0009_addressarrayutils_1,0,ok,2.4147002999670804,0,0,0,0,False,1.279207562096417,datasets\All_contract_DB1\AddressArrayUtils_3.sol,,
db1_0014_addressarrayutils_4,AddressArrayUtils_4.sol,cd9237230bcca9611b95f8d280aed8f47c1daf72,db1_0009_addressarrayutils_1,0,ok,2.4147002999670804,0,0,0,0,False,1.280567867681384,datasets\All_contract_DB1\AddressArrayUtils_4.sol,,
db1_0015_addressarrayutils_5,AddressArrayUtils_5.sol,cd9237230bcca9611b95f8d280aed8f47c1daf72,db1_0009_addressarrayutils_1,0,ok,2.4147002999670804,0,0,0,0,False,1.3226818600669503,datasets\All_contract_DB1\AddressArrayUtils_5.sol,,
db1_0016_addressarrayutils_6,AddressArrayUtils_6.sol,cd9237230bcca9611b95f8d280aed8f47c1daf72,db1_0009_addressarrayutils_1,0,ok,2.4147002999670804,0,0,0,0,False,1.3367379028350115,datasets\All_contract_DB1\AddressArrayUtils_6.sol,,
db1_0017_addressarrayutils_7,AddressArrayUtils_7.sol,cd9237230bcca9611b95f8d280aed8f47c1daf72,db1_0009_addressarrayutils_1,0,ok,2.4147002999670804,0,0,0,0,False,1.3241473929956555,datasets\All_contract_DB1\AddressArrayUtils_7.sol,,
db1_0018_addressarrayutils_8,AddressArrayUtils_8.sol,cd9237230bcca9611b95f8d280aed8f47c1daf72,db1_0009_addressarrayutils_1,0,ok,2.4147002999670804,0,0,0,0,False,1.2829891070723534,datasets\All_contract_DB1\AddressArrayUtils_8.sol,,
db1_0019_addressarrayutils_9,AddressArrayUtils_9.sol,cd9237230bcca9611b95f8d280aed8f47c1daf72,db1_0009_addressarrayutils_1,0,ok,2.4147002999670804,0,0,0,0,False,1.2814329992979765,datasets\All_contract_DB1\AddressArrayUtils_9.sol,,
db1_0020_addressresolver_1,AddressResolver_1.sol,79a47e5c13948b2d2f112d1d8ea5ff5c3a4c7bdf,,0,ok,2.322501700022258,0,0,0,0,False,1.539518958888948,datasets\All_contract_DB1\AddressResolver_1.sol,,
db1_0021_addressresolver_10,AddressResolver_10.sol,79a47e5c13948b2d2f112d1d8ea5ff5c3a4c7bdf,db1_0020_addressresolver_1,0,ok,2.322501700022258,0,0,0,0,False,1.5263500763103366,datasets\All_contract_DB1\AddressResolver_10.sol,,
db1_0022_addressresolver_11,AddressResolver_11.sol,79a47e5c13948b2d2f112d1d8ea5ff5c3a4c7bdf,db1_0020_addressresolver_1,0,ok,2.322501700022258,0,0,0,0,False,1.534549931064248,datasets\All_contract_DB1\AddressResolver_11.sol,,
db1_0023_addressresolver_12,AddressResolver_12.sol,79a47e5c13948b2d2f112d1d8ea5ff5c3a4c7bdf,db1_0020_addressresolver_1,0,ok,2.322501700022258,0,0,0,0,False,1.544170276261866,datasets\All_contract_DB1\AddressResolver_12.sol,,
db1_0024_addressresolver_13,AddressResolver_13.sol,79a47e5c13948b2d2f112d1d8ea5ff5c3a4c7bdf,db1_0020_addressresolver_1,0,ok,2.322501700022258,0,0,0,0,False,1.5406729178503156,datasets\All_contract_DB1\AddressResolver_13.sol,,
db1_0025_addressresolver_14,AddressResolver_14.sol,79a47e5c13948b2d2f112d1d8ea5ff5c3a4c7bdf,db1_0020_addressresolver_1,0,ok,2.322501700022258,0,0,0,0,False,1.5185639765113592,datasets\All_contract_DB1\AddressResolver_14.sol,,
db1_0026_addressresolver_15,AddressResolver_15.sol,79a47e5c13948b2d2f112d1d8ea5ff5c3a4c7bdf,db1_0020_addressresolver_1,0,ok,2.322501700022258,0,0,0,0,False,1.536550721153617,datasets\All_contract_DB1\AddressResolver_15.sol,,
db1_0027_addressresolver_16,AddressResolver_16.sol,79a47e5c13948b2d2f112d1d8ea5ff5c3a4c7bdf,db1_0020_addressresolver_1,0,ok,2.322501700022258,0,0,0,0,False,1.5324232671409845,datasets\All_contract_DB1\AddressResolver_16.sol,,
db1_0028_addressresolver_17,AddressResolver_17.sol,79a47e5c13948b2d2f112d1d8ea5ff5c3a4c7bdf,db1_0020_addressresolver_1,0,ok,2.322501700022258,0,0,0,0,False,1.5277774026617408,datasets\All_contract_DB1\AddressResolver_17.sol,,
db1_0029_addressresolver_18,AddressResolver_18.sol,79a47e5c13948b2d2f112d1d8ea5ff5c3a4c7bdf,db1_0020_addressresolver_1,0,ok,2.322501700022258,0,0,0,0,False,1.5196243338286877,datasets\All_contract_DB1\AddressResolver_18.sol,,
db1_0030_addressresolver_19,AddressResolver_19.sol,79a47e5c13948b2d2f112d1d8ea5ff5c3a4c7bdf,db1_0020_addressresolver_1,0,ok,2.322501700022258,0,0,0,0,False,1.526963965035975,datasets\All_contract_DB1\AddressResolver_19.sol,,
db1_0031_addressresolver_2,AddressResolver_2.sol,79a47e5c13948b2d2f112d1d8ea5ff5c3a4c7bdf,db1_0020_addressresolver_1,0,ok,2.322501700022258,0,0,0,0,False,1.5241678459569812,datasets\All_contract_DB1\AddressResolver_2.sol,,
db1_0032_addressresolver_20,AddressResolver_20.sol,79a47e5c13948b2d2f112d1d8ea5ff5c3a4c7bdf,db1_0020_addressresolver_1,0,ok,2.322501700022258,0,0,0,0,False,1.6891818223521113,datasets\All_contract_DB1\AddressResolver_20.sol,,
db1_0033_addressresolver_21,AddressResolver_21.sol,79a47e5c13948b2d2f112d1d8ea5ff5c3a4c7bdf,db1_0020_addressresolver_1,0,ok,2.322501700022258,0,0,0,0,False,1.5541312750428915,datasets\All_contract_DB1\AddressResolver_21.sol,,
db1_0034_addressresolver_22,AddressResolver_22.sol,79a47e5c13948b2d2f112d1d8ea5ff5c3a4c7bdf,db1_0020_addressresolver_1,0,ok,2.322501700022258,0,0,0,0,False,1.5392231298610568,datasets\All_contract_DB1\AddressResolver_22.sol,,
db1_0035_addressresolver_23,AddressResolver_23.sol,79a47e5c13948b2d2f112d1d8ea5ff5c3a4c7bdf,db1_0020_addressresolver_1,0,ok,2.322501700022258,0,0,0,0,False,1.544115793891251,datasets\All_contract_DB1\AddressResolver_23.sol,,
db1_0036_addressresolver_24,AddressResolver_24.sol,79a47e5c13948b2d2f112d1d8ea5ff5c3a4c7bdf,db1_0020_addressresolver_1,0,ok,2.322501700022258,0,0,0,0,False,1.562580343335867,datasets\All_contract_DB1\AddressResolver_24.sol,,
db1_0037_addressresolver_25,AddressResolver_25.sol,79a47e5c13948b2d2f112d1d8ea5ff5c3a4c7bdf,db1_0020_addressresolver_1,0,ok,2.322501700022258,0,0,0,0,False,1.5232177982106805,datasets\All_contract_DB1\AddressResolver_25.sol,,
db1_0038_addressresolver_26,AddressResolver_26.sol,79a47e5c13948b2d2f112d1d8ea5ff5c3a4c7bdf,db1_0020_addressresolver_1,0,ok,2.322501700022258,0,0,0,0,False,1.5214312132447958,datasets\All_contract_DB1\AddressResolver_26.sol,,
db1_0039_addressresolver_27,AddressResolver_27.sol,79a47e5c13948b2d2f112d1d8ea5ff5c3a4c7bdf,db1_0020_addressresolver_1,0,ok,2.322501700022258,0,0,0,0,False,1.5240042246878147,datasets\All_contract_DB1\AddressResolver_27.sol,,
db1_0040_addressresolver_28,AddressResolver_28.sol,79a47e5c13948b2d2f112d1d8ea5ff5c3a4c7bdf,db1_0020_addressresolver_1,0,ok,2.322501700022258,0,0,0,0,False,1.5292730433866382,datasets\All_contract_DB1\AddressResolver_28.sol,,
db1_0041_addressresolver_29,AddressResolver_29.sol,79a47e5c13948b2d2f112d1d8ea5ff5c3a4c7bdf,db1_0020_addressresolver_1,0,ok,2.322501700022258,0,0,0,0,False,1.5602292278781533,datasets\All_contract_DB1\AddressResolver_29.sol,,
db1_0042_addressresolver_3,AddressResolver_3.sol,79a47e5c13948b2d2f112d1d8ea5ff5c3a4c7bdf,db1_0020_addressresolver_1,0,ok,2.322501700022258,0,0,0,0,False,1.5217262171208858,datasets\All_contract_DB1\AddressResolver_3.sol,,
db1_0043_addressresolver_30,AddressResolver_30.sol,79a47e5c13948b2d2f112d1d8ea5ff5c3a4c7bdf,db1_0020_addressresolver_1,0,ok,2.322501700022258,0,0,0,0,False,1.5401962017640471,datasets\All_contract_DB1\AddressResolver_30.sol,,
db1_0044_addressresolver_31,AddressResolver_31.sol,79a47e5c13948b2d2f112d1d8ea5ff5c3a4c7bdf,db1_0020_addressresolver_1,0,ok,2.322501700022258,0,0,0,0,False,1.5461454400792718,datasets\All_contract_DB1\AddressResolver_31.sol,,
db1_0045_addressresolver_32,AddressResolver_32.sol,79a47e5c13948b2d2f112d1d8ea5ff5c3a4c7bdf,db1_0020_addressresolver_1,0,ok,2.322501700022258,0,0,0,0,False,1.5410470366477966,datasets\All_contract_DB1\AddressResolver_32.sol,,
db1_0046_addressresolver_33,AddressResolver_33.sol,79a47e5c13948b2d2f112d1d8ea5ff5c3a4c7bdf,db1_0020_addressresolver_1,0,ok,2.322501700022258,0,0,0,0,False,1.5816976018249989,datasets\All_contract_DB1\AddressResolver_33.sol,,
db1_0047_addressresolver_34,AddressResolver_34.sol,79a47e5c13948b2d2f112d1d8ea5ff5c3a4c7bdf,db1_0020_addressresolver_1,0,ok,2.322501700022258,0,0,0,0,False,1.579771874472499,datasets\All_contract_DB1\AddressResolver_34.sol,,
db1_0048_addressresolver_35,AddressResolver_35.sol,79a47e5c13948b2d2f112d1d8ea5ff5c3a4c7bdf,db1_0020_addressresolver_1,0,ok,2.322501700022258,0,0,0,0,False,1.5396361202001572,datasets\All_contract_DB1\AddressResolver_35.sol,,
db1_0049_addressresolver_36,AddressResolver_36.sol,79a47e5c13948b2d2f112d1d8ea5ff5c3a4c7bdf,db1_0020_addressresolver_1,0,ok,2.322501700022258,0,0,0,0,False,1.550996013917029,datasets\All_contract_DB1\AddressResolver_36.sol,,
db1_0050_addressresolver_37,AddressResolver_37.sol,79a47e5c13948b2d2f112d1d8ea5ff5c3a4c7bdf,db1_0020_addressresolver_1,0,ok,2.322501700022258,0,0,0,0,False,1.6604257859289646,datasets\All_contract_DB1\AddressResolver_37.sol,,
db1_0051_addressresolver_38,AddressResolver_38.sol,79a47e5c13948b2d2f112d1d8ea5ff5c3a4c7bdf,db1_0020_addressresolver_1,0,ok,2.322501700022258,0,0,0,0,False,1.5139328502118587,datasets\All_contract_DB1\AddressResolver_38.sol,,
db1_0052_addressresolver_39,AddressResolver_39.sol,79a47e5c13948b2d2f112d1d8ea5ff5c3a4c7bdf,db1_0020_addressresolver_1,0,ok,2.322501700022258,0,0,0,0,False,1.5987677918747067,datasets\All_contract_DB1\AddressResolver_39.sol,,
db1_0053_addressresolver_4,AddressResolver_4.sol,79a47e5c13948b2d2f112d1d8ea5ff5c3a4c7bdf,db1_0020_addressresolver_1,0,ok,2.322501700022258,0,0,0,0,False,1.5663610436022282,datasets\All_contract_DB1\AddressResolver_4.sol,,
db1_0054_addressresolver_40,AddressResolver_40.sol,79a47e5c13948b2d2f112d1d8ea5ff5c3a4c7bdf,db1_0020_addressresolver_1,0,ok,2.322501700022258,0,0,0,0,False,1.5986743019893765,datasets\All_contract_DB1\AddressResolver_40.sol,,
db1_0055_addressresolver_41,AddressResolver_41.sol,79a47e5c13948b2d2f112d1d8ea5ff5c3a4c7bdf,db1_0020_addressresolver_1,0,ok,2.322501700022258,0,0,0,0,False,1.521412923000753,datasets\All_contract_DB1\AddressResolver_41.sol,,
db1_0056_addressresolver_42,AddressResolver_42.sol,79a47e5c13948b2d2f112d1d8ea5ff5c3a4c7bdf,db1_0020_addressresolver_1,0,ok,2.322501700022258,0,0,0,0,False,1.5166702242568135,datasets\All_contract_DB1\AddressResolver_42.sol,,
db1_0057_addressresolver_43,AddressResolver_43.sol,79a47e5c13948b2d2f112d1d8ea5ff5c3a4c7bdf,db1_0020_addressresolver_1,0,ok,2.322501700022258,0,0,0,0,False,1.5245690448209643,datasets\All_contract_DB1\AddressResolver_43.sol,,
db1_0058_addressresolver_44,AddressResolver_44.sol,79a47e5c13948b2d2f112d1d8ea5ff5c3a4c7bdf,db1_0020_addressresolver_1,0,ok,2.322501700022258,0,0,0,0,False,1.5253429813310504,datasets\All_contract_DB1\AddressResolver_44.sol,,
db1_0059_addressresolver_45,AddressResolver_45.sol,79a47e5c13948b2d2f112d1d8ea5ff5c3a4c7bdf,db1_0020_addressresolver_1,0,ok,2.322501700022258,0,0,0,0,False,1.5410700468346477,datasets\All_contract_DB1\AddressResolver_45.sol,,
db1_0060_addressresolver_46,AddressResolver_46.sol,79a47e5c13948b2d2f112d1d8ea5ff5c3a4c7bdf,db1_0020_addressresolver_1,0,ok,2.322501700022258,0,0,0,0,False,1.5242710821330547,datasets\All_contract_DB1\AddressResolver_46.sol,,
db1_0061_addressresolver_47,AddressResolver_47.sol,79a47e5c13948b2d2f112d1d8ea5ff5c3a4c7bdf,db1_0020_addressresolver_1,0,ok,2.322501700022258,0,0,0,0,False,1.5269582578912377,datasets\All_contract_DB1\AddressResolver_47.sol,,
db1_0062_addressresolver_48,AddressResolver_48.sol,79a47e5c13948b2d2f112d1d8ea5ff5c3a4c7bdf,db1_0020_addressresolver_1,0,ok,2.322501700022258,0,0,0,0,False,1.5287407888099551,datasets\All_contract_DB1\AddressResolver_48.sol,,
db1_0063_addressresolver_49,AddressResolver_49.sol,79a47e5c13948b2d2f112d1d8ea5ff5c3a4c7bdf,db1_0020_addressresolver_1,0,ok,2.322501700022258,0,0,0,0,False,1.5405181283131242,datasets\All_contract_DB1\AddressResolver_49.sol,,
db1_0064_addressresolver_5,AddressResolver_5.sol,79a47e5c13948b2d2f112d1d8ea5ff5c3a4c7bdf,db1_0020_addressresolver_1,0,ok,2.322501700022258,0,0,0,0,False,1.5302140209823847,datasets\All_contract_DB1\AddressResolver_5.sol,,
db1_0065_addressresolver_50,AddressResolver_50.sol,79a47e5c13948b2d2f112d1d8ea5ff5c3a4c7bdf,db1_0020_addressresolver_1,0,ok,2.322501700022258,0,0,0,0,False,1.5611716825515032,datasets\All_contract_DB1\AddressResolver_50.sol,,
db1_0066_addressresolver_51,AddressResolver_51.sol,79a47e5c13948b2d2f112d1d8ea5ff5c3a4c7bdf,db1_0020_addressresolver_1,0,ok,2.322501700022258,0,0,0,0,False,1.5275717824697495,datasets\All_contract_DB1\AddressResolver_51.sol,,
db1_0067_addressresolver_52,AddressResolver_52.sol,79a47e5c13948b2d2f112d1d8ea5ff5c3a4c7bdf,db1_0020_addressresolver_1,0,ok,2.322501700022258,0,0,0,0,False,1.5613501816987991,datasets\All_contract_DB1\AddressResolver_52.sol,,
db1_0068_addressresolver_53,AddressResolver_53.sol,79a47e5c13948b2d2f112d1d8ea5ff5c3a4c7bdf,db1_0020_addressresolver_1,0,ok,2.322501700022258,0,0,0,0,False,1.5372628364712,datasets\All_contract_DB1\AddressResolver_53.sol,,
db1_0069_addressresolver_6,AddressResolver_6.sol,79a47e5c13948b2d2f112d1d8ea5ff5c3a4c7bdf,db1_0020_addressresolver_1,0,ok,2.322501700022258,0,0,0,0,False,1.5397618701681495,datasets\All_contract_DB1\AddressResolver_6.sol,,
db1_0070_addressresolver_7,AddressResolver_7.sol,79a47e5c13948b2d2f112d1d8ea5ff5c3a4c7bdf,db1_0020_addressresolver_1,0,ok,2.322501700022258,0,0,0,0,False,1.5341230211779475,datasets\All_contract_DB1\AddressResolver_7.sol,,
db1_0071_addressresolver_8,AddressResolver_8.sol,79a47e5c13948b2d2f112d1d8ea5ff5c3a4c7bdf,db1_0020_addressresolver_1,0,ok,2.322501700022258,0,0,0,0,False,1.525210996158421,datasets\All_contract_DB1\AddressResolver_8.sol,,
db1_0072_addressresolver_9,AddressResolver_9.sol,79a47e5c13948b2d2f112d1d8ea5ff5c3a4c7bdf,db1_0020_addressresolver_1,0,ok,2.322501700022258,0,0,0,0,False,1.5389669993892312,datasets\All_contract_DB1\AddressResolver_9.sol,,
db1_0073_adminimpl_1,AdminImpl_1.sol,4ea9b5eddbd274006f991da96f92a0bcbd9052d6,,0,ok,3.292591799981892,0,0,0,0,True,8.358945704996586,datasets\All_contract_DB1\AdminImpl_1.sol,,
db1_0074_adminimpl_2,AdminImpl_2.sol,4ea9b5eddbd274006f991da96f92a0bcbd9052d6,db1_0073_adminimpl_1,0,ok,3.292591799981892,0,0,0,0,True,8.212128963321447,datasets\All_contract_DB1\AdminImpl_2.sol,,
db1_0075_adminimpl_3,AdminImpl_3.sol,4ea9b5eddbd274006f991da96f92a0bcbd9052d6,db1_0073_adminimpl_1,0,ok,3.292591799981892,0,0,0,0,True,9.049235573969781,datasets\All_contract_DB1\AdminImpl_3.sol,,
db1_0076_adminimpl_4,AdminImpl_4.sol,4ea9b5eddbd274006f991da96f92a0bcbd9052d6,db1_0073_adminimpl_1,0,ok,3.292591799981892,0,0,0,0,True,9.091989773325622,datasets\All_contract_DB1\AdminImpl_4.sol,,
db1_0077_atoken_1,Atoken_1.sol,ae0fb2f0c88da7d5c990d4cceca3afa53dda2b53,db1_0001_abnb_1,,timeout,240.0293327999534,,,,,True,129.0455330889672,datasets\All_contract_DB1\Atoken_1.sol,,Process timeout after 240s
db1_0078_balancesheet_1,BalanceSheet_1.sol,6e6bb6f8fb647bd418c626615af51669dc73b97c,,,compile_failed,7.895217800047249,,,,,False,1.031164225190878,datasets\All_contract_DB1\BalanceSheet_1.sol,,"======================================================================
  Reentrancy Guardian - Semantic ICFG Reentrancy Detector
======================================================================
[0.0%] Phase 1: Parsing: 0/4
[!] Retrying Slither with a compatibility-rewritten temporary copy
[ERROR] Analysis failed: Invalid compilation: 
Invalid solc compilation, none of the solc versions provided worked:
0.7.6: Invalid solc compilation Warning: Source file does not specify required compiler version! Consider adding ""pragma solidity ^0.7.6;""

--> D:/code/icfg/datasets/All_contract_DB1/.BalanceSheet_1.__slither_compat.sol



Error: Identifier not found or not unique.

  --> D:/code/icfg/datasets/All_contract_DB1/.BalanceSheet_1.__slither_compat.sol:23:5:

   |

23 |     ReentrancyGuard, /* no depedency */

   |     ^^^^^^^^^^^^^^^





[ERROR] Analysis failed: Invalid compilation: 
Invalid solc compilation, none of the solc versions provided worked:
0.7.6: Invalid solc compilation Warning: Source file does not specify required compiler version! Consider adding ""pragma solidity ^0.7.6;""

--> D:/code/icfg/datasets/All_contract_DB1/.BalanceSheet_1.__slither_compat.sol



Error: Identifier not found or not unique.

  --> D:/code/icfg/datasets/All_contract_DB1/.BalanceSheet_1.__slither_compat.sol:23:5:

   |

23 |     ReentrancyGuard, /* no depedency */

   |     ^^^^^^^^^^^^^^^"
db1_0079_bandpricefeed_1,BandPriceFeed_1.sol,0f3874f773b8430fd777b10e1e8064bfc1876511,,0,ok,2.350832299911417,0,0,0,0,False,2.4794974559918046,datasets\All_contract_DB1\BandPriceFeed_1.sol,,
db1_0080_bank_1,Bank_1.sol,0c5db4711aa8dc12eb7a5258b56f9d2d775e178a,,1,ok,3.6170660000061616,41,41,0,0,False,0.985657149925828,datasets\All_contract_DB1\Bank_1.sol,results\all_contract_db1_reentrancy\reports\db1_0080_bank_1,
db1_0081_basicmathlib_1,BasicMathLib_1.sol,d89db07a6ba640a22146e0db360598c23a674c21,,0,ok,2.128126300056465,0,0,0,0,False,1.0459727570414543,datasets\All_contract_DB1\BasicMathLib_1.sol,,
db1_0082_bcaptoken_1,BCAPToken_1.sol,3e519af78f372681b5d1a431a82a6035605b0b71,,0,ok,2.60475099994801,0,0,0,0,,,datasets\All_contract_DB1\BCAPToken_1.sol,,
db1_0083_bcaptoken_2,BCAPToken_2.sol,3e519af78f372681b5d1a431a82a6035605b0b71,db1_0082_bcaptoken_1,0,ok,2.60475099994801,0,0,0,0,,,datasets\All_contract_DB1\BCAPToken_2.sol,,
db1_0084_bmath_1,BMath_1.sol,ce3cc2c87799dccc1f360d7c4aa4230112941e30,,0,ok,11.066091599990614,0,0,0,0,False,3.871593330986798,datasets\All_contract_DB1\BMath_1.sol,,
db1_0085_bmath_2,BMath_2.sol,ce3cc2c87799dccc1f360d7c4aa4230112941e30,db1_0084_bmath_1,0,ok,11.066091599990614,0,0,0,0,False,3.914451401680708,datasets\All_contract_DB1\BMath_2.sol,,
db1_0086_bnum_1,BNum_1.sol,2dbd467f240d158ee32d2bcc41048875722aaf90,,0,ok,7.511057600029744,0,0,0,0,False,1.3526764949783683,datasets\All_contract_DB1\BNum_1.sol,,
db1_0087_bnum_2,BNum_2.sol,2dbd467f240d158ee32d2bcc41048875722aaf90,db1_0086_bnum_1,0,ok,7.511057600029744,0,0,0,0,False,1.3521229531615973,datasets\All_contract_DB1\BNum_2.sol,,
db1_0088_bnum_3,BNum_3.sol,2dbd467f240d158ee32d2bcc41048875722aaf90,db1_0086_bnum_1,0,ok,7.511057600029744,0,0,0,0,False,1.3565176101401448,datasets\All_contract_DB1\BNum_3.sol,,
db1_0089_bnum_4,BNum_4.sol,2dbd467f240d158ee32d2bcc41048875722aaf90,db1_0086_bnum_1,0,ok,7.511057600029744,0,0,0,0,False,1.3664424046874046,datasets\All_contract_DB1\BNum_4.sol,,
db1_0090_bnum_5,BNum_5.sol,2dbd467f240d158ee32d2bcc41048875722aaf90,db1_0086_bnum_1,0,ok,7.511057600029744,0,0,0,0,False,1.254418769851327,datasets\All_contract_DB1\BNum_5.sol,,
db1_0091_borroweroperations_1,BorrowerOperations_1.sol,e322c7f4d2b43a793301941c558554b15cf181c0,,0,ok,74.00129170005675,0,0,0,0,True,52.62717703077942,datasets\All_contract_DB1\BorrowerOperations_1.sol,,
db1_0092_borroweroperations_2,BorrowerOperations_2.sol,e322c7f4d2b43a793301941c558554b15cf181c0,db1_0091_borroweroperations_1,0,ok,74.00129170005675,0,0,0,0,True,51.75168759096414,datasets\All_contract_DB1\BorrowerOperations_2.sol,,
db1_0093_borroweroperations_3,BorrowerOperations_3.sol,e322c7f4d2b43a793301941c558554b15cf181c0,db1_0091_borroweroperations_1,0,ok,74.00129170005675,0,0,0,0,True,49.7239980045706,datasets\All_contract_DB1\BorrowerOperations_3.sol,,
db1_0094_bpool_1,BPool_1.sol,c3ea0b08fb8b80996c22cf770c88c747033b2cf4,,,timeout,240.01939270005096,,,,,False,276.2714185528457,datasets\All_contract_DB1\BPool_1.sol,,Process timeout after 240s
db1_0095_bpool_2,BPool_2.sol,c3ea0b08fb8b80996c22cf770c88c747033b2cf4,db1_0094_bpool_1,,timeout,240.01939270005096,,,,,False,134.48929197061807,datasets\All_contract_DB1\BPool_2.sol,,Process timeout after 240s
db1_0096_brickblockaccount_1,BrickblockAccount_1.sol,e8d3bd23de8b0bc1bc5a6d8af98347febee8af25,,0,ok,2.4027145999716595,0,0,0,0,True,1.6367715774104,datasets\All_contract_DB1\BrickblockAccount_1.sol,,
db1_0097_bridgevalidators_1,BridgeValidators_1.sol,2bcaec8d80cd58abb92770857129cdc60d1b5711,,,timeout,240.02170439995825,,,,,False,1.349462067708373,datasets\All_contract_DB1\BridgeValidators_1.sol,,Process timeout after 240s
db1_0098_brokerage_1,Brokerage_1.sol,5eb9e29b69db80ee741f084c043fe8c75a88e140,,0,ok,3.1762470001121983,0,0,0,0,False,1.8446563128381968,datasets\All_contract_DB1\Brokerage_1.sol,,
db1_0099_burnabletoken_1,BurnableToken_1.sol,0ac73b266f82512ff80ae385ff5ec3965686adc1,,0,ok,2.1196194000076503,0,0,0,0,False,1.326114933937788,datasets\All_contract_DB1\BurnableToken_1.sol,,
db1_0100_bvault_1,bVault_1.sol,afdb119743ec5024dd1c51daba578ccbf284463a,,1,ok,3.0402599000371993,3,2,0,1,True,7.03385822661221,datasets\All_contract_DB1\bVault_1.sol,results\all_contract_db1_reentrancy\reports\db1_0100_bvault_1,
db1_0101_capperrole_1,CapperRole_1.sol,e1056c38fd31f6907e2371d1c644b7e492432aeb,,0,ok,2.1783840999705717,0,0,0,0,False,1.1595768323168159,datasets\All_contract_DB1\CapperRole_1.sol,,
db1_0102_cgutoken_1,CGUToken_1.sol,ff3a13d2cc704f70c75211d2d4d0ca8fc60ee4f0,,,timeout,240.10192009992898,,,,,True,56.617441739887,datasets\All_contract_DB1\CGUToken_1.sol,,Process timeout after 240s
db1_0103_cgutoken_2,CGUToken_2.sol,ff3a13d2cc704f70c75211d2d4d0ca8fc60ee4f0,db1_0102_cgutoken_1,,timeout,240.10192009992898,,,,,,,datasets\All_contract_DB1\CGUToken_2.sol,,Process timeout after 240s
db1_0104_chainlinkadapter_1,ChainlinkAdapter_1.sol,67fde2ab9c9a39148979f92690ac9f850fbaf4c3,,0,ok,3.1423390000127256,0,0,0,0,False,1.3899841932579875,datasets\All_contract_DB1\ChainlinkAdapter_1.sol,,
db1_0105_chainlinkadapter_2,ChainlinkAdapter_2.sol,67fde2ab9c9a39148979f92690ac9f850fbaf4c3,db1_0104_chainlinkadapter_1,0,ok,3.1423390000127256,0,0,0,0,False,1.3373320931568742,datasets\All_contract_DB1\ChainlinkAdapter_2.sol,,
db1_0106_chainlinkadapter_3,ChainlinkAdapter_3.sol,67fde2ab9c9a39148979f92690ac9f850fbaf4c3,db1_0104_chainlinkadapter_1,0,ok,3.1423390000127256,0,0,0,0,False,1.3226401470601559,datasets\All_contract_DB1\ChainlinkAdapter_3.sol,,
db1_0107_chainlinkadapter_4,ChainlinkAdapter_4.sol,67fde2ab9c9a39148979f92690ac9f850fbaf4c3,db1_0104_chainlinkadapter_1,0,ok,3.1423390000127256,0,0,0,0,False,1.3063135351985693,datasets\All_contract_DB1\ChainlinkAdapter_4.sol,,
db1_0108_chainlinkadapter_5,ChainlinkAdapter_5.sol,67fde2ab9c9a39148979f92690ac9f850fbaf4c3,db1_0104_chainlinkadapter_1,0,ok,3.1423390000127256,0,0,0,0,False,1.336691134609282,datasets\All_contract_DB1\ChainlinkAdapter_5.sol,,
db1_0109_chainlinkadapter_6,ChainlinkAdapter_6.sol,67fde2ab9c9a39148979f92690ac9f850fbaf4c3,db1_0104_chainlinkadapter_1,0,ok,3.1423390000127256,0,0,0,0,False,1.4245505267754197,datasets\All_contract_DB1\ChainlinkAdapter_6.sol,,
db1_0110_chainlinkadapter_7,ChainlinkAdapter_7.sol,67fde2ab9c9a39148979f92690ac9f850fbaf4c3,db1_0104_chainlinkadapter_1,0,ok,3.1423390000127256,0,0,0,0,False,1.3027697391808033,datasets\All_contract_DB1\ChainlinkAdapter_7.sol,,
db1_0111_claimtoken_1,claimToken_1.sol,3af3428b3da5759b41fd41634d00b50c4c1beab5,,0,ok,2.277825600001961,0,0,0,0,False,1.0211924854665995,datasets\All_contract_DB1\claimToken_1.sol,,
db1_0112_claimtoken_2,claimToken_2.sol,3af3428b3da5759b41fd41634d00b50c4c1beab5,db1_0111_claimtoken_1,0,ok,2.277825600001961,0,0,0,0,False,0.9714700505137444,datasets\All_contract_DB1\claimToken_2.sol,,
db1_0113_collaterals_t_1,Collaterals_t_1.sol,f1a622025224bc29a8a22ddf6778be86709e2add,,0,ok,2.351179299992509,0,0,0,0,False,3.2826628861948848,datasets\All_contract_DB1\Collaterals_t_1.sol,,
db1_0114_collateralswallet_1,CollateralsWallet_1.sol,743ac095150e7fc2a7e5eaf939bf13eabba153ab,,0,ok,1.3109124000184238,0,0,0,0,False,0.9885835619643331,datasets\All_contract_DB1\CollateralsWallet_1.sol,,
db1_0115_communityvault_1,CommunityVault_1.sol,036124023f7c6ce06e455e229a6eb40b73bbb02e,,0,ok,3.8177275999914855,0,0,0,0,True,1.1192992525175214,datasets\All_contract_DB1\CommunityVault_1.sol,,
db1_0116_communityvault_2,CommunityVault_2.sol,036124023f7c6ce06e455e229a6eb40b73bbb02e,db1_0115_communityvault_1,0,ok,3.8177275999914855,0,0,0,0,True,1.0629246160387993,datasets\All_contract_DB1\CommunityVault_2.sol,,
db1_0117_comphelper_1,CompHelper_1.sol,1c9fc525362e5e3b868c369ce8dda511c9388e1e,,0,ok,1.4957826999016106,0,0,0,0,False,1.497779062949121,datasets\All_contract_DB1\CompHelper_1.sol,,
db1_0118_comphelper_2,CompHelper_2.sol,1c9fc525362e5e3b868c369ce8dda511c9388e1e,db1_0117_comphelper_1,0,ok,1.4957826999016106,0,0,0,0,False,1.4903438864275813,datasets\All_contract_DB1\CompHelper_2.sol,,
db1_0119_comphelper_3,CompHelper_3.sol,1c9fc525362e5e3b868c369ce8dda511c9388e1e,db1_0117_comphelper_1,0,ok,1.4957826999016106,0,0,0,0,False,1.499228491447866,datasets\All_contract_DB1\CompHelper_3.sol,,
db1_0120_comphelper_4,CompHelper_4.sol,1c9fc525362e5e3b868c369ce8dda511c9388e1e,db1_0117_comphelper_1,0,ok,1.4957826999016106,0,0,0,0,False,1.5027777021750808,datasets\All_contract_DB1\CompHelper_4.sol,,
db1_0121_comphelper_5,CompHelper_5.sol,1c9fc525362e5e3b868c369ce8dda511c9388e1e,db1_0117_comphelper_1,0,ok,1.4957826999016106,0,0,0,0,False,1.4934173319488764,datasets\All_contract_DB1\CompHelper_5.sol,,
db1_0122_consideration_1,Consideration_1.sol,22411aa49a985e6f4813357da4cad135bf54eacf,,,compile_failed,6.77968839998357,,,,,False,0.9460719982162118,datasets\All_contract_DB1\Consideration_1.sol,,"======================================================================
  Reentrancy Guardian - Semantic ICFG Reentrancy Detector
======================================================================
[0.0%] Phase 1: Parsing: 0/4
[!] Retrying Slither with a compatibility-rewritten temporary copy
[ERROR] Analysis failed: Invalid compilation: 
Invalid solc compilation, none of the solc versions provided worked:
0.8.30: Invalid solc compilation Error: Expected identifier but got ','

   --> datasets/All_contract_DB1/.Consideration_1.__slither_compat.sol:377:27:

    |

377 |     ProxyRegistryInterface,

    |                           ^





[ERROR] Analysis failed: Invalid compilation: 
Invalid solc compilation, none of the solc versions provided worked:
0.8.30: Invalid solc compilation Error: Expected identifier but got ','

   --> datasets/All_contract_DB1/.Consideration_1.__slither_compat.sol:377:27:

    |

377 |     ProxyRegistryInterface,

    |                           ^"
db1_0123_considerationpure_1,ConsiderationPure_1.sol,5585053459f140b25fd56bddd3382e00440998a4,,,compile_failed,5.718306700000539,,,,,False,0.888311049900949,datasets\All_contract_DB1\ConsiderationPure_1.sol,,"======================================================================
  Reentrancy Guardian - Semantic ICFG Reentrancy Detector
======================================================================
[0.0%] Phase 1: Parsing: 0/4
[!] Retrying Slither with a compatibility-rewritten temporary copy
[ERROR] Analysis failed: Invalid compilation: 
Invalid solc compilation, none of the solc versions provided worked:
0.8.30: Invalid solc compilation Error: Expected identifier but got ','

   --> datasets/All_contract_DB1/.ConsiderationPure_1.__slither_compat.sol:820:27:

    |

820 |     ProxyRegistryInterface,

    |                           ^





[ERROR] Analysis failed: Invalid compilation: 
Invalid solc compilation, none of the solc versions provided worked:
0.8.30: Invalid solc compilation Error: Expected identifier but got ','

   --> datasets/All_contract_DB1/.ConsiderationPure_1.__slither_compat.sol:820:27:

    |

820 |     ProxyRegistryInterface,

    |                           ^"
db1_0124_controller_v3_1,controller-v3_1.sol,db175d352cdbcdcb43eeb0a819328cefbf8e7c27,,1,ok,1.9792195000918582,2,1,0,1,True,6.306125657632947,datasets\All_contract_DB1\controller-v3_1.sol,results\all_contract_db1_reentrancy\reports\db1_0124_controller_v3_1,
db1_0125_controller_v3_2,controller-v3_2.sol,db175d352cdbcdcb43eeb0a819328cefbf8e7c27,db1_0124_controller_v3_1,1,ok,1.9792195000918582,2,1,0,1,True,6.0098902601748705,datasets\All_contract_DB1\controller-v3_2.sol,results\all_contract_db1_reentrancy\reports\db1_0124_controller_v3_1,
db1_0126_controller_v3_3,controller-v3_3.sol,db175d352cdbcdcb43eeb0a819328cefbf8e7c27,db1_0124_controller_v3_1,1,ok,1.9792195000918582,2,1,0,1,True,6.064779670909047,datasets\All_contract_DB1\controller-v3_3.sol,results\all_contract_db1_reentrancy\reports\db1_0124_controller_v3_1,
db1_0127_controller_v3_4,controller-v3_4.sol,db175d352cdbcdcb43eeb0a819328cefbf8e7c27,db1_0124_controller_v3_1,1,ok,1.9792195000918582,2,1,0,1,True,6.004304562695324,datasets\All_contract_DB1\controller-v3_4.sol,results\all_contract_db1_reentrancy\reports\db1_0124_controller_v3_1,
db1_0128_controller_v3_5,controller-v3_5.sol,db175d352cdbcdcb43eeb0a819328cefbf8e7c27,db1_0124_controller_v3_1,1,ok,1.9792195000918582,2,1,0,1,True,6.379114113748074,datasets\All_contract_DB1\controller-v3_5.sol,results\all_contract_db1_reentrancy\reports\db1_0124_controller_v3_1,
db1_0129_controller_1,Controller_1.sol,0e045d660fa984ccb4958227af95f5989d507144,,,timeout,240.01968859997578,,,,,False,13.94921576231718,datasets\All_contract_DB1\Controller_1.sol,,Process timeout after 240s
db1_0130_controller_2,Controller_2.sol,0e045d660fa984ccb4958227af95f5989d507144,db1_0129_controller_1,,timeout,240.01968859997578,,,,,False,14.931453526951373,datasets\All_contract_DB1\Controller_2.sol,,Process timeout after 240s
db1_0131_controller_3,Controller_3.sol,0e045d660fa984ccb4958227af95f5989d507144,db1_0129_controller_1,,timeout,240.01968859997578,,,,,False,14.612211420200765,datasets\All_contract_DB1\Controller_3.sol,,Process timeout after 240s
db1_0132_curveamo_1,CurveAMO_1.sol,7646fb82c7aa43a3594996763a0473bb4ee68505,,,timeout,240.02636949997395,,,,,,,datasets\All_contract_DB1\CurveAMO_1.sol,,Process timeout after 240s
db1_0133_dapiserver_1,DapiServer_1.sol,6bcaca2711b386359ab42694de81914d0b3a417f,,,compile_failed,2.5409442000091076,,,,,,,datasets\All_contract_DB1\DapiServer_1.sol,,"======================================================================
  Reentrancy Guardian - Semantic ICFG Reentrancy Detector
======================================================================
[0.0%] Phase 1: Parsing: 0/4
[-] Failed to load project: Invalid compilation: 
Invalid solc compilation, none of the solc versions provided worked:
0.8.9: 
Solidity version not found:
STDOUT:

STDERR:
Traceback (most recent call last):

  File ""<frozen runpy>"", line 198, in _run_module_as_main

  File ""<frozen runpy>"", line 88, in _run_code

  File ""D:\code\icfg\venv\Scripts\solc.EXE\__main__.py"", line 6, in <module>

    sys.exit(solc())

             ~~~~^^

  File ""D:\code\icfg\venv\Lib\site-packages\solc_select\__main__.py"", line 93, in solc

    res = current_version()

  File ""D:\code\icfg\venv\Lib\site-packages\solc_select\solc_select.py"", line 108, in current_version

    raise argparse.ArgumentTypeError(

    ...<3 lines>...

    )

argparse.ArgumentTypeError: 

Version '0.8.9' not installed (set by SOLC_VERSION).

Run `solc-select install 0.8.9`.

Or use one of the following versions: ['0.4.13', '0.4.19', '0.4.23', '0.4.24', '0.4.25', '0.4.26', '0.4.9', '0.5.0', '0.5.10', '0.5.11', '0.5.16', '0.5.17', '0.5.4', '0.6.10', '0.6.11', '0.6.12', '0.7.5', '0.7.6', '0.8.0', '0.8.10', '0.8.17', '0.8.20', '0.8.30', '0.8.6', '0.8.7']


[ERROR] Analysis failed: Invalid compilation: 
Invalid solc compilation, none of the solc versions provided worked:
0.8.9: 
Solidity version not found:
STDOUT:

STDERR:
Traceback (most recent call last):

  File ""<frozen runpy>"", line 198, in _run_module_as_main

  File ""<frozen runpy>"", line 88, in _run_code

  File ""D:\code\icfg\venv\Scripts\solc.EXE\__main__.py"", line 6, in <module>

    sys.exit(solc())

             ~~~~^^

  File ""D:\code\icfg\venv\Lib\site-packages\solc_select\__main__.py"", line 93, in solc

    res = current_version()

  File ""D:\code\icfg\venv\Lib\site-packages\solc_select\solc_select.py"", line 108,
...[truncated]"
db1_0134_degens_1,Degens_1.sol,95d720599dd86629a985a6ea5ca8fe7d6fefb006,,,timeout,240.01807779993396,,,,,,,datasets\All_contract_DB1\Degens_1.sol,,Process timeout after 240s
db1_0135_degens_2,Degens_2.sol,95d720599dd86629a985a6ea5ca8fe7d6fefb006,db1_0134_degens_1,,timeout,240.01807779993396,,,,,False,251.43996838573366,datasets\All_contract_DB1\Degens_2.sol,,Process timeout after 240s
db1_0136_dfcollateral_1,DFCollateral_1.sol,97b1b29ea0d933eaa590ce9eb629e1cebbbdae5d,,0,ok,1.5419316999614239,0,0,0,0,False,1.601365691050887,datasets\All_contract_DB1\DFCollateral_1.sol,,
db1_0137_dfenginev2_1,DFEngineV2_1.sol,07c87ba4c88595daf84e594f356f20a1919ab55a,,,timeout,240.01416349993087,,,,,False,11.570706453174353,datasets\All_contract_DB1\DFEngineV2_1.sol,,Process timeout after 240s
db1_0138_dfstore_1,DFStore_1.sol,fce6e65cacba5eb67008829f9cdcdeceb1886932,,0,ok,2.140804299968295,0,0,0,0,False,12.308856506831944,datasets\All_contract_DB1\DFStore_1.sol,,
db1_0139_dharmaaccountrecoverymanager_1,DharmaAccountRecoveryManager_1.sol,dc024b302ff44631d27697a4bb5395374be0ace2,,0,ok,1.8767627000343055,0,0,0,0,True,2.013024545274675,datasets\All_contract_DB1\DharmaAccountRecoveryManager_1.sol,,
db1_0140_dharmakeyregistryv1_1,DharmaKeyRegistryV1_1.sol,b9e6192f9c1348b573f64384d5cd1f97966f2738,,0,ok,2.52583689999301,0,0,0,0,False,1.235057263635099,datasets\All_contract_DB1\DharmaKeyRegistryV1_1.sol,,
db1_0141_dharmasmartwalletfactoryv1_1,DharmaSmartWalletFactoryV1_1.sol,cfcbe1d503e0d9ddf0bf7583971e76d610357e3b,,0,ok,2.709550399915315,0,0,0,0,False,1.403230158612132,datasets\All_contract_DB1\DharmaSmartWalletFactoryV1_1.sol,,
db1_0142_dutchcrowdsaleidx_1,DutchCrowdsaleIdx_1.sol,ce03b659f8d705e198ff39670ffd97c73004c872,,0,ok,3.4434406999498606,0,0,0,0,False,6.337779522873461,datasets\All_contract_DB1\DutchCrowdsaleIdx_1.sol,,
db1_0143_dynamicliquidtokenconverter_1,DynamicLiquidTokenConverter_1.sol,522f1b49bed649760853ff07982eb683a27ad616,,,compile_failed,3.538667199900374,,,,,False,1.0070595787838101,datasets\All_contract_DB1\DynamicLiquidTokenConverter_1.sol,,"======================================================================
  Reentrancy Guardian - Semantic ICFG Reentrancy Detector
======================================================================
[0.0%] Phase 1: Parsing: 0/4
[-] Failed to load project: Invalid compilation: 
Invalid solc compilation, none of the solc versions provided worked:
0.6.12: Invalid solc compilation Error: Definition of base has to precede definition of derived contract

  --> D:/code/icfg/datasets/All_contract_DB1/DynamicLiquidTokenConverter_1.sol:62:27:

   |

62 | interface ITokenHolder is IOwned {

   |                           ^^^^^^




[ERROR] Analysis failed: Invalid compilation: 
Invalid solc compilation, none of the solc versions provided worked:
0.6.12: Invalid solc compilation Error: Definition of base has to precede definition of derived contract

  --> D:/code/icfg/datasets/All_contract_DB1/DynamicLiquidTokenConverter_1.sol:62:27:

   |

62 | interface ITokenHolder is IOwned {

   |                           ^^^^^^





[ERROR] Analysis failed: Invalid compilation: 
Invalid solc compilation, none of the solc versions provided worked:
0.6.12: Invalid solc compilation Error: Definition of base has to precede definition of derived contract

  --> D:/code/icfg/datasets/All_contract_DB1/DynamicLiquidTokenConverter_1.sol:62:27:

   |

62 | interface ITokenHolder is IOwned {

   |                           ^^^^^^"
db1_0144_dynamicliquidtokenconverter_2,DynamicLiquidTokenConverter_2.sol,522f1b49bed649760853ff07982eb683a27ad616,db1_0143_dynamicliquidtokenconverter_1,,compile_failed,3.538667199900374,,,,,False,0.968230726197362,datasets\All_contract_DB1\DynamicLiquidTokenConverter_2.sol,,"======================================================================
  Reentrancy Guardian - Semantic ICFG Reentrancy Detector
======================================================================
[0.0%] Phase 1: Parsing: 0/4
[-] Failed to load project: Invalid compilation: 
Invalid solc compilation, none of the solc versions provided worked:
0.6.12: Invalid solc compilation Error: Definition of base has to precede definition of derived contract

  --> D:/code/icfg/datasets/All_contract_DB1/DynamicLiquidTokenConverter_1.sol:62:27:

   |

62 | interface ITokenHolder is IOwned {

   |                           ^^^^^^




[ERROR] Analysis failed: Invalid compilation: 
Invalid solc compilation, none of the solc versions provided worked:
0.6.12: Invalid solc compilation Error: Definition of base has to precede definition of derived contract

  --> D:/code/icfg/datasets/All_contract_DB1/DynamicLiquidTokenConverter_1.sol:62:27:

   |

62 | interface ITokenHolder is IOwned {

   |                           ^^^^^^





[ERROR] Analysis failed: Invalid compilation: 
Invalid solc compilation, none of the solc versions provided worked:
0.6.12: Invalid solc compilation Error: Definition of base has to precede definition of derived contract

  --> D:/code/icfg/datasets/All_contract_DB1/DynamicLiquidTokenConverter_1.sol:62:27:

   |

62 | interface ITokenHolder is IOwned {

   |                           ^^^^^^"
db1_0145_dynamicliquidtokenconverter_3,DynamicLiquidTokenConverter_3.sol,522f1b49bed649760853ff07982eb683a27ad616,db1_0143_dynamicliquidtokenconverter_1,,compile_failed,3.538667199900374,,,,,False,0.9806965738534927,datasets\All_contract_DB1\DynamicLiquidTokenConverter_3.sol,,"======================================================================
  Reentrancy Guardian - Semantic ICFG Reentrancy Detector
======================================================================
[0.0%] Phase 1: Parsing: 0/4
[-] Failed to load project: Invalid compilation: 
Invalid solc compilation, none of the solc versions provided worked:
0.6.12: Invalid solc compilation Error: Definition of base has to precede definition of derived contract

  --> D:/code/icfg/datasets/All_contract_DB1/DynamicLiquidTokenConverter_1.sol:62:27:

   |

62 | interface ITokenHolder is IOwned {

   |                           ^^^^^^




[ERROR] Analysis failed: Invalid compilation: 
Invalid solc compilation, none of the solc versions provided worked:
0.6.12: Invalid solc compilation Error: Definition of base has to precede definition of derived contract

  --> D:/code/icfg/datasets/All_contract_DB1/DynamicLiquidTokenConverter_1.sol:62:27:

   |

62 | interface ITokenHolder is IOwned {

   |                           ^^^^^^





[ERROR] Analysis failed: Invalid compilation: 
Invalid solc compilation, none of the solc versions provided worked:
0.6.12: Invalid solc compilation Error: Definition of base has to precede definition of derived contract

  --> D:/code/icfg/datasets/All_contract_DB1/DynamicLiquidTokenConverter_1.sol:62:27:

   |

62 | interface ITokenHolder is IOwned {

   |                           ^^^^^^"
db1_0146_dynamicliquidtokenconverter_4,DynamicLiquidTokenConverter_4.sol,522f1b49bed649760853ff07982eb683a27ad616,db1_0143_dynamicliquidtokenconverter_1,,compile_failed,3.538667199900374,,,,,False,0.9725822526961565,datasets\All_contract_DB1\DynamicLiquidTokenConverter_4.sol,,"======================================================================
  Reentrancy Guardian - Semantic ICFG Reentrancy Detector
======================================================================
[0.0%] Phase 1: Parsing: 0/4
[-] Failed to load project: Invalid compilation: 
Invalid solc compilation, none of the solc versions provided worked:
0.6.12: Invalid solc compilation Error: Definition of base has to precede definition of derived contract

  --> D:/code/icfg/datasets/All_contract_DB1/DynamicLiquidTokenConverter_1.sol:62:27:

   |

62 | interface ITokenHolder is IOwned {

   |                           ^^^^^^




[ERROR] Analysis failed: Invalid compilation: 
Invalid solc compilation, none of the solc versions provided worked:
0.6.12: Invalid solc compilation Error: Definition of base has to precede definition of derived contract

  --> D:/code/icfg/datasets/All_contract_DB1/DynamicLiquidTokenConverter_1.sol:62:27:

   |

62 | interface ITokenHolder is IOwned {

   |                           ^^^^^^





[ERROR] Analysis failed: Invalid compilation: 
Invalid solc compilation, none of the solc versions provided worked:
0.6.12: Invalid solc compilation Error: Definition of base has to precede definition of derived contract

  --> D:/code/icfg/datasets/All_contract_DB1/DynamicLiquidTokenConverter_1.sol:62:27:

   |

62 | interface ITokenHolder is IOwned {

   |                           ^^^^^^"
db1_0147_dynamicliquidtokenconverterfactory_1,DynamicLiquidTokenConverterFactory_1.sol,9ae94d25ab78ff636fa1f6b3bf0ee09a19050f94,,,timeout,240.01934180001263,,,,,True,41.43139105476439,datasets\All_contract_DB1\DynamicLiquidTokenConverterFactory_1.sol,,Process timeout after 240s
db1_0148_emaoracle_1,EMAOracle_1.sol,d97019a6f3ca4e009e036865d301f34e9c75c3ce,,1,ok,1.4545997999375686,2,1,0,1,True,1.18499596696347,datasets\All_contract_DB1\EMAOracle_1.sol,results\all_contract_db1_reentrancy\reports\db1_0148_emaoracle_1,
db1_0149_erc20_1,ERC20_1.sol,84fc84fc350bfd378c2493059fa9186bd848a78b,,,compile_failed,3.010120299994014,,,,,False,0.936705818399787,datasets\All_contract_DB1\ERC20_1.sol,,"======================================================================
  Reentrancy Guardian - Semantic ICFG Reentrancy Detector
======================================================================
[0.0%] Phase 1: Parsing: 0/4
[-] Failed to load project: Invalid compilation: 
Invalid solc compilation, none of the solc versions provided worked:
0.6.12: Invalid solc compilation Warning: SPDX license identifier not provided in source file. Before publishing, consider adding a comment containing ""SPDX-License-Identifier: <SPDX-License>"" to each source file. Use ""SPDX-License-Identifier: UNLICENSED"" for non-open-source code. Please see https://spdx.org for more information.

--> D:/code/icfg/datasets/All_contract_DB1/ERC20_1.sol



Error: Identifier not found or not unique.

   --> D:/code/icfg/datasets/All_contract_DB1/ERC20_1.sol:721:11:

    |

721 |     using Address for address;

    |           ^^^^^^^




[ERROR] Analysis failed: Invalid compilation: 
Invalid solc compilation, none of the solc versions provided worked:
0.6.12: Invalid solc compilation Warning: SPDX license identifier not provided in source file. Before publishing, consider adding a comment containing ""SPDX-License-Identifier: <SPDX-License>"" to each source file. Use ""SPDX-License-Identifier: UNLICENSED"" for non-open-source code. Please see https://spdx.org for more information.

--> D:/code/icfg/datasets/All_contract_DB1/ERC20_1.sol



Error: Identifier not found or not unique.

   --> D:/code/icfg/datasets/All_contract_DB1/ERC20_1.sol:721:11:

    |

721 |     using Address for address;

    |           ^^^^^^^





[ERROR] Analysis failed: Invalid compilation: 
Invalid solc compilation, none of the solc versions provided worked:
0.6.12: Invalid solc compilation Warning: SPDX license identifier not provided in source file. Before publishing, consider adding a comment containing ""SPDX-License-Identifier: <SPDX-License>"" to each source file. Use ""SPDX-License-Identifier: UNLICENSED
...[truncated]"
db1_0150_erc20_2,ERC20_2.sol,84fc84fc350bfd378c2493059fa9186bd848a78b,db1_0149_erc20_1,,compile_failed,3.010120299994014,,,,,False,0.9084429498761892,datasets\All_contract_DB1\ERC20_2.sol,,"======================================================================
  Reentrancy Guardian - Semantic ICFG Reentrancy Detector
======================================================================
[0.0%] Phase 1: Parsing: 0/4
[-] Failed to load project: Invalid compilation: 
Invalid solc compilation, none of the solc versions provided worked:
0.6.12: Invalid solc compilation Warning: SPDX license identifier not provided in source file. Before publishing, consider adding a comment containing ""SPDX-License-Identifier: <SPDX-License>"" to each source file. Use ""SPDX-License-Identifier: UNLICENSED"" for non-open-source code. Please see https://spdx.org for more information.

--> D:/code/icfg/datasets/All_contract_DB1/ERC20_1.sol



Error: Identifier not found or not unique.

   --> D:/code/icfg/datasets/All_contract_DB1/ERC20_1.sol:721:11:

    |

721 |     using Address for address;

    |           ^^^^^^^




[ERROR] Analysis failed: Invalid compilation: 
Invalid solc compilation, none of the solc versions provided worked:
0.6.12: Invalid solc compilation Warning: SPDX license identifier not provided in source file. Before publishing, consider adding a comment containing ""SPDX-License-Identifier: <SPDX-License>"" to each source file. Use ""SPDX-License-Identifier: UNLICENSED"" for non-open-source code. Please see https://spdx.org for more information.

--> D:/code/icfg/datasets/All_contract_DB1/ERC20_1.sol



Error: Identifier not found or not unique.

   --> D:/code/icfg/datasets/All_contract_DB1/ERC20_1.sol:721:11:

    |

721 |     using Address for address;

    |           ^^^^^^^





[ERROR] Analysis failed: Invalid compilation: 
Invalid solc compilation, none of the solc versions provided worked:
0.6.12: Invalid solc compilation Warning: SPDX license identifier not provided in source file. Before publishing, consider adding a comment containing ""SPDX-License-Identifier: <SPDX-License>"" to each source file. Use ""SPDX-License-Identifier: UNLICENSED
...[truncated]"
db1_0151_erc20_3,ERC20_3.sol,84fc84fc350bfd378c2493059fa9186bd848a78b,db1_0149_erc20_1,,compile_failed,3.010120299994014,,,,,False,0.9189091352745891,datasets\All_contract_DB1\ERC20_3.sol,,"======================================================================
  Reentrancy Guardian - Semantic ICFG Reentrancy Detector
======================================================================
[0.0%] Phase 1: Parsing: 0/4
[-] Failed to load project: Invalid compilation: 
Invalid solc compilation, none of the solc versions provided worked:
0.6.12: Invalid solc compilation Warning: SPDX license identifier not provided in source file. Before publishing, consider adding a comment containing ""SPDX-License-Identifier: <SPDX-License>"" to each source file. Use ""SPDX-License-Identifier: UNLICENSED"" for non-open-source code. Please see https://spdx.org for more information.

--> D:/code/icfg/datasets/All_contract_DB1/ERC20_1.sol



Error: Identifier not found or not unique.

   --> D:/code/icfg/datasets/All_contract_DB1/ERC20_1.sol:721:11:

    |

721 |     using Address for address;

    |           ^^^^^^^




[ERROR] Analysis failed: Invalid compilation: 
Invalid solc compilation, none of the solc versions provided worked:
0.6.12: Invalid solc compilation Warning: SPDX license identifier not provided in source file. Before publishing, consider adding a comment containing ""SPDX-License-Identifier: <SPDX-License>"" to each source file. Use ""SPDX-License-Identifier: UNLICENSED"" for non-open-source code. Please see https://spdx.org for more information.

--> D:/code/icfg/datasets/All_contract_DB1/ERC20_1.sol



Error: Identifier not found or not unique.

   --> D:/code/icfg/datasets/All_contract_DB1/ERC20_1.sol:721:11:

    |

721 |     using Address for address;

    |           ^^^^^^^





[ERROR] Analysis failed: Invalid compilation: 
Invalid solc compilation, none of the solc versions provided worked:
0.6.12: Invalid solc compilation Warning: SPDX license identifier not provided in source file. Before publishing, consider adding a comment containing ""SPDX-License-Identifier: <SPDX-License>"" to each source file. Use ""SPDX-License-Identifier: UNLICENSED
...[truncated]"
db1_0152_erc20_4,ERC20_4.sol,84fc84fc350bfd378c2493059fa9186bd848a78b,db1_0149_erc20_1,,compile_failed,3.010120299994014,,,,,False,0.9066671235486865,datasets\All_contract_DB1\ERC20_4.sol,,"======================================================================
  Reentrancy Guardian - Semantic ICFG Reentrancy Detector
======================================================================
[0.0%] Phase 1: Parsing: 0/4
[-] Failed to load project: Invalid compilation: 
Invalid solc compilation, none of the solc versions provided worked:
0.6.12: Invalid solc compilation Warning: SPDX license identifier not provided in source file. Before publishing, consider adding a comment containing ""SPDX-License-Identifier: <SPDX-License>"" to each source file. Use ""SPDX-License-Identifier: UNLICENSED"" for non-open-source code. Please see https://spdx.org for more information.

--> D:/code/icfg/datasets/All_contract_DB1/ERC20_1.sol



Error: Identifier not found or not unique.

   --> D:/code/icfg/datasets/All_contract_DB1/ERC20_1.sol:721:11:

    |

721 |     using Address for address;

    |           ^^^^^^^




[ERROR] Analysis failed: Invalid compilation: 
Invalid solc compilation, none of the solc versions provided worked:
0.6.12: Invalid solc compilation Warning: SPDX license identifier not provided in source file. Before publishing, consider adding a comment containing ""SPDX-License-Identifier: <SPDX-License>"" to each source file. Use ""SPDX-License-Identifier: UNLICENSED"" for non-open-source code. Please see https://spdx.org for more information.

--> D:/code/icfg/datasets/All_contract_DB1/ERC20_1.sol



Error: Identifier not found or not unique.

   --> D:/code/icfg/datasets/All_contract_DB1/ERC20_1.sol:721:11:

    |

721 |     using Address for address;

    |           ^^^^^^^





[ERROR] Analysis failed: Invalid compilation: 
Invalid solc compilation, none of the solc versions provided worked:
0.6.12: Invalid solc compilation Warning: SPDX license identifier not provided in source file. Before publishing, consider adding a comment containing ""SPDX-License-Identifier: <SPDX-License>"" to each source file. Use ""SPDX-License-Identifier: UNLICENSED
...[truncated]"
db1_0153_erc20_5,ERC20_5.sol,84fc84fc350bfd378c2493059fa9186bd848a78b,db1_0149_erc20_1,,compile_failed,3.010120299994014,,,,,False,0.906725044362247,datasets\All_contract_DB1\ERC20_5.sol,,"======================================================================
  Reentrancy Guardian - Semantic ICFG Reentrancy Detector
======================================================================
[0.0%] Phase 1: Parsing: 0/4
[-] Failed to load project: Invalid compilation: 
Invalid solc compilation, none of the solc versions provided worked:
0.6.12: Invalid solc compilation Warning: SPDX license identifier not provided in source file. Before publishing, consider adding a comment containing ""SPDX-License-Identifier: <SPDX-License>"" to each source file. Use ""SPDX-License-Identifier: UNLICENSED"" for non-open-source code. Please see https://spdx.org for more information.

--> D:/code/icfg/datasets/All_contract_DB1/ERC20_1.sol



Error: Identifier not found or not unique.

   --> D:/code/icfg/datasets/All_contract_DB1/ERC20_1.sol:721:11:

    |

721 |     using Address for address;

    |           ^^^^^^^




[ERROR] Analysis failed: Invalid compilation: 
Invalid solc compilation, none of the solc versions provided worked:
0.6.12: Invalid solc compilation Warning: SPDX license identifier not provided in source file. Before publishing, consider adding a comment containing ""SPDX-License-Identifier: <SPDX-License>"" to each source file. Use ""SPDX-License-Identifier: UNLICENSED"" for non-open-source code. Please see https://spdx.org for more information.

--> D:/code/icfg/datasets/All_contract_DB1/ERC20_1.sol



Error: Identifier not found or not unique.

   --> D:/code/icfg/datasets/All_contract_DB1/ERC20_1.sol:721:11:

    |

721 |     using Address for address;

    |           ^^^^^^^





[ERROR] Analysis failed: Invalid compilation: 
Invalid solc compilation, none of the solc versions provided worked:
0.6.12: Invalid solc compilation Warning: SPDX license identifier not provided in source file. Before publishing, consider adding a comment containing ""SPDX-License-Identifier: <SPDX-License>"" to each source file. Use ""SPDX-License-Identifier: UNLICENSED
...[truncated]"
db1_0154_erc20permit_1,ERC20Permit_1.sol,5e480fc93c68099082a4e9bfe9b9aa79cf795ab6,,0,ok,1.6231466999743134,0,0,0,0,False,1.0135145774111152,datasets\All_contract_DB1\ERC20Permit_1.sol,,
db1_0155_erc20permit_2,ERC20Permit_2.sol,5e480fc93c68099082a4e9bfe9b9aa79cf795ab6,db1_0154_erc20permit_1,0,ok,1.6231466999743134,0,0,0,0,False,1.0165450312197208,datasets\All_contract_DB1\ERC20Permit_2.sol,,
db1_0156_erc20permit_3,ERC20Permit_3.sol,5e480fc93c68099082a4e9bfe9b9aa79cf795ab6,db1_0154_erc20permit_1,0,ok,1.6231466999743134,0,0,0,0,False,1.0164528647437692,datasets\All_contract_DB1\ERC20Permit_3.sol,,
db1_0157_erc20proxy_1,ERC20Proxy_1.sol,6c90a96f15c15713834734ec0e7d621af02a5128,,0,ok,1.9801248000003397,0,0,0,0,False,1.3092583185061812,datasets\All_contract_DB1\ERC20Proxy_1.sol,,
db1_0158_erc721enumerable_1,ERC721Enumerable_1.sol,e906885d8d9dfcbdf9e66914e60420c2ac9e5292,,,timeout,240.03253209998365,,,,,False,1.5257892590016127,datasets\All_contract_DB1\ERC721Enumerable_1.sol,,Process timeout after 240s
db1_0159_erc721enumerable_2,ERC721Enumerable_2.sol,e906885d8d9dfcbdf9e66914e60420c2ac9e5292,db1_0158_erc721enumerable_1,,timeout,240.03253209998365,,,,,False,1.5301092127338052,datasets\All_contract_DB1\ERC721Enumerable_2.sol,,Process timeout after 240s
db1_0160_erc721enumerable_3,ERC721Enumerable_3.sol,e906885d8d9dfcbdf9e66914e60420c2ac9e5292,db1_0158_erc721enumerable_1,,timeout,240.03253209998365,,,,,False,1.5167237063869834,datasets\All_contract_DB1\ERC721Enumerable_3.sol,,Process timeout after 240s
db1_0161_erc721enumerable_4,ERC721Enumerable_4.sol,e906885d8d9dfcbdf9e66914e60420c2ac9e5292,db1_0158_erc721enumerable_1,,timeout,240.03253209998365,,,,,False,1.5147025557234883,datasets\All_contract_DB1\ERC721Enumerable_4.sol,,Process timeout after 240s
db1_0162_erc721enumerable_5,ERC721Enumerable_5.sol,e906885d8d9dfcbdf9e66914e60420c2ac9e5292,db1_0158_erc721enumerable_1,,timeout,240.03253209998365,,,,,False,1.5264230724424124,datasets\All_contract_DB1\ERC721Enumerable_5.sol,,Process timeout after 240s
db1_0163_erc721enumerable_6,ERC721Enumerable_6.sol,e906885d8d9dfcbdf9e66914e60420c2ac9e5292,db1_0158_erc721enumerable_1,,timeout,240.03253209998365,,,,,False,1.5461965156719089,datasets\All_contract_DB1\ERC721Enumerable_6.sol,,Process timeout after 240s
db1_0164_erc721enumerable_7,ERC721Enumerable_7.sol,e906885d8d9dfcbdf9e66914e60420c2ac9e5292,db1_0158_erc721enumerable_1,,timeout,240.03253209998365,,,,,False,1.6519538993015885,datasets\All_contract_DB1\ERC721Enumerable_7.sol,,Process timeout after 240s
db1_0165_escrow_v1_0_1,Escrow_v1_0_1.sol,e94e51599aac773a54f979ad5c31e2144ee428cf,,1,ok,2.546191700035706,4,2,0,2,False,1.6135130785405636,datasets\All_contract_DB1\Escrow_v1_0_1.sol,results\all_contract_db1_reentrancy\reports\db1_0165_escrow_v1_0_1,
db1_0166_escrow_v1_0_2,Escrow_v1_0_2.sol,e94e51599aac773a54f979ad5c31e2144ee428cf,db1_0165_escrow_v1_0_1,1,ok,2.546191700035706,4,2,0,2,False,1.4835753245279193,datasets\All_contract_DB1\Escrow_v1_0_2.sol,results\all_contract_db1_reentrancy\reports\db1_0165_escrow_v1_0_1,
db1_0167_eventtoken_1,EventToken_1.sol,7354853d19c989821c2c374625adfa43994aa39f,,0,ok,3.2656923999311402,0,0,0,0,,,datasets\All_contract_DB1\EventToken_1.sol,,
db1_0168_eventtoken_2,EventToken_2.sol,7354853d19c989821c2c374625adfa43994aa39f,db1_0167_eventtoken_1,0,ok,3.2656923999311402,0,0,0,0,,,datasets\All_contract_DB1\EventToken_2.sol,,
db1_0169_exchange_1,Exchange_1.sol,2a0d5ce653972a9bafd82dd008f39129eaa70754,,1,ok,2.97107790003065,4,4,0,0,True,74.98974716849625,datasets\All_contract_DB1\Exchange_1.sol,results\all_contract_db1_reentrancy\reports\db1_0169_exchange_1,
db1_0170_exchangeexecution_1,ExchangeExecution_1.sol,314f222d7d3dde4599216711f05757e89007c181,,0,ok,2.4399246000684798,0,0,0,0,False,1.6750774439424276,datasets\All_contract_DB1\ExchangeExecution_1.sol,,
db1_0171_exchangeexecution_2,ExchangeExecution_2.sol,314f222d7d3dde4599216711f05757e89007c181,db1_0170_exchangeexecution_1,0,ok,2.4399246000684798,0,0,0,0,False,1.6882283268496394,datasets\All_contract_DB1\ExchangeExecution_2.sol,,
db1_0172_exchangerateprovider_1,ExchangeRateProvider_1.sol,cf2960e7a4bf2b16b691d219370dfd843bf98a69,,,timeout,240.01893640006892,,,,,True,71.38312577456236,datasets\All_contract_DB1\ExchangeRateProvider_1.sol,,Process timeout after 240s
db1_0173_faucet_1,Faucet_1.sol,299c9166332eb45e8b49b77e451e466fa3dd4968,,0,ok,1.9058323999634013,0,0,0,0,False,1.5575625281780958,datasets\All_contract_DB1\Faucet_1.sol,,
db1_0174_fintoken_1,FinToken_1.sol,25c602190fc9d7bb27aa256bdd5b910b4e3f7295,,0,ok,1.9768208999885246,0,0,0,0,False,1.7562270080670714,datasets\All_contract_DB1\FinToken_1.sol,,
db1_0175_fintoken_2,FinToken_2.sol,25c602190fc9d7bb27aa256bdd5b910b4e3f7295,db1_0174_fintoken_1,0,ok,1.9768208999885246,0,0,0,0,False,1.7768560322001576,datasets\All_contract_DB1\FinToken_2.sol,,
db1_0176_fintoken_3,FinToken_3.sol,25c602190fc9d7bb27aa256bdd5b910b4e3f7295,db1_0174_fintoken_1,0,ok,1.9768208999885246,0,0,0,0,False,1.788543271832168,datasets\All_contract_DB1\FinToken_3.sol,,
db1_0177_fintoken_4,FinToken_4.sol,25c602190fc9d7bb27aa256bdd5b910b4e3f7295,db1_0174_fintoken_1,0,ok,1.9768208999885246,0,0,0,0,False,1.7489577839151025,datasets\All_contract_DB1\FinToken_4.sol,,
db1_0178_fixedfeeswap_1,FixedFeeSwap_1.sol,3c407b6e5df95993cf2b126f8d90e548ec09ce63,,0,ok,2.451036599930376,0,0,0,0,True,47.31186032202095,datasets\All_contract_DB1\FixedFeeSwap_1.sol,,
db1_0179_fixedpointint256_1,FixedPointInt256_1.sol,7decb093ab867c491775268130d05c457f1dbd04,,0,ok,1.9481908000307158,0,0,0,0,False,1.1635098904371262,datasets\All_contract_DB1\FixedPointInt256_1.sol,,
db1_0180_fixedpointint256_2,FixedPointInt256_2.sol,7decb093ab867c491775268130d05c457f1dbd04,db1_0179_fixedpointint256_1,0,ok,1.9481908000307158,0,0,0,0,False,1.127930206246674,datasets\All_contract_DB1\FixedPointInt256_2.sol,,
db1_0181_fixedpointint256_3,FixedPointInt256_3.sol,7decb093ab867c491775268130d05c457f1dbd04,db1_0179_fixedpointint256_1,0,ok,1.9481908000307158,0,0,0,0,False,1.1356938565149903,datasets\All_contract_DB1\FixedPointInt256_3.sol,,
db1_0182_fixedpointint256_4,FixedPointInt256_4.sol,7decb093ab867c491775268130d05c457f1dbd04,db1_0179_fixedpointint256_1,0,ok,1.9481908000307158,0,0,0,0,False,1.1452879710122943,datasets\All_contract_DB1\FixedPointInt256_4.sol,,
db1_0183_fixedrateswap_1,FixedRateSwap_1.sol,526843c26a93e84bdef674e264ec59eb767257d7,,,timeout,240.02553979994263,,,,,False,93.90125914663076,datasets\All_contract_DB1\FixedRateSwap_1.sol,,Process timeout after 240s
db1_0184_fixedrateswap_2,FixedRateSwap_2.sol,526843c26a93e84bdef674e264ec59eb767257d7,db1_0183_fixedrateswap_1,,timeout,240.02553979994263,,,,,False,85.75717536173761,datasets\All_contract_DB1\FixedRateSwap_2.sol,,Process timeout after 240s
db1_0185_fixedrateswap_3,FixedRateSwap_3.sol,526843c26a93e84bdef674e264ec59eb767257d7,db1_0183_fixedrateswap_1,,timeout,240.02553979994263,,,,,False,89.83361943997443,datasets\All_contract_DB1\FixedRateSwap_3.sol,,Process timeout after 240s
db1_0186_flaavev2_1,FLAaveV2_1.sol,8c50649c8e081550793f4cfe90766d9a81e80d1e,,1,ok,3.3264671999495476,45,3,0,42,,,datasets\All_contract_DB1\FLAaveV2_1.sol,results\all_contract_db1_reentrancy\reports\db1_0186_flaavev2_1,
db1_0187_flashloanlogic_1,FlashLoanLogic_1.sol,6d81bd23bfca91c075c112530b4d6bea1b0ad921,,0,ok,5.128067499957979,0,0,0,0,True,141.6678345920518,datasets\All_contract_DB1\FlashLoanLogic_1.sol,,
db1_0188_flashloanlogic_2,FlashLoanLogic_2.sol,6d81bd23bfca91c075c112530b4d6bea1b0ad921,db1_0187_flashloanlogic_1,0,ok,5.128067499957979,0,0,0,0,True,152.61012757569551,datasets\All_contract_DB1\FlashLoanLogic_2.sol,,
db1_0189_flashloanlogic_3,FlashLoanLogic_3.sol,6d81bd23bfca91c075c112530b4d6bea1b0ad921,db1_0187_flashloanlogic_1,0,ok,5.128067499957979,0,0,0,0,True,153.54039080440998,datasets\All_contract_DB1\FlashLoanLogic_3.sol,,
db1_0190_fraxpool_1,FraxPool_1.sol,9b1ea287b77e4a55f700ae1a5161362e05d7a579,,,timeout,240.01898239995353,,,,,,,datasets\All_contract_DB1\FraxPool_1.sol,,Process timeout after 240s
db1_0191_fraxpool_10,FraxPool_10.sol,9b1ea287b77e4a55f700ae1a5161362e05d7a579,db1_0190_fraxpool_1,,timeout,240.01898239995353,,,,,,,datasets\All_contract_DB1\FraxPool_10.sol,,Process timeout after 240s
db1_0192_fraxpool_100,FraxPool_100.sol,9b1ea287b77e4a55f700ae1a5161362e05d7a579,db1_0190_fraxpool_1,,timeout,240.01898239995353,,,,,,,datasets\All_contract_DB1\FraxPool_100.sol,,Process timeout after 240s
db1_0193_fraxpool_101,FraxPool_101.sol,9b1ea287b77e4a55f700ae1a5161362e05d7a579,db1_0190_fraxpool_1,,timeout,240.01898239995353,,,,,,,datasets\All_contract_DB1\FraxPool_101.sol,,Process timeout after 240s
db1_0194_fraxpool_102,FraxPool_102.sol,9b1ea287b77e4a55f700ae1a5161362e05d7a579,db1_0190_fraxpool_1,,timeout,240.01898239995353,,,,,,,datasets\All_contract_DB1\FraxPool_102.sol,,Process timeout after 240s
db1_0195_fraxpool_103,FraxPool_103.sol,9b1ea287b77e4a55f700ae1a5161362e05d7a579,db1_0190_fraxpool_1,,timeout,240.01898239995353,,,,,,,datasets\All_contract_DB1\FraxPool_103.sol,,Process timeout after 240s
db1_0196_fraxpool_104,FraxPool_104.sol,9b1ea287b77e4a55f700ae1a5161362e05d7a579,db1_0190_fraxpool_1,,timeout,240.01898239995353,,,,,,,datasets\All_contract_DB1\FraxPool_104.sol,,Process timeout after 240s
db1_0197_fraxpool_105,FraxPool_105.sol,9b1ea287b77e4a55f700ae1a5161362e05d7a579,db1_0190_fraxpool_1,,timeout,240.01898239995353,,,,,,,datasets\All_contract_DB1\FraxPool_105.sol,,Process timeout after 240s
db1_0198_fraxpool_106,FraxPool_106.sol,9b1ea287b77e4a55f700ae1a5161362e05d7a579,db1_0190_fraxpool_1,,timeout,240.01898239995353,,,,,,,datasets\All_contract_DB1\FraxPool_106.sol,,Process timeout after 240s
db1_0199_fraxpool_107,FraxPool_107.sol,9b1ea287b77e4a55f700ae1a5161362e05d7a579,db1_0190_fraxpool_1,,timeout,240.01898239995353,,,,,False,292.503418719396,datasets\All_contract_DB1\FraxPool_107.sol,,Process timeout after 240s
db1_0200_fraxpool_108,FraxPool_108.sol,9b1ea287b77e4a55f700ae1a5161362e05d7a579,db1_0190_fraxpool_1,,timeout,240.01898239995353,,,,,,,datasets\All_contract_DB1\FraxPool_108.sol,,Process timeout after 240s
db1_0201_fraxpool_109,FraxPool_109.sol,9b1ea287b77e4a55f700ae1a5161362e05d7a579,db1_0190_fraxpool_1,,timeout,240.01898239995353,,,,,,,datasets\All_contract_DB1\FraxPool_109.sol,,Process timeout after 240s
db1_0202_fraxpool_11,FraxPool_11.sol,9b1ea287b77e4a55f700ae1a5161362e05d7a579,db1_0190_fraxpool_1,,timeout,240.01898239995353,,,,,,,datasets\All_contract_DB1\FraxPool_11.sol,,Process timeout after 240s
db1_0203_fraxpool_110,FraxPool_110.sol,9b1ea287b77e4a55f700ae1a5161362e05d7a579,db1_0190_fraxpool_1,,timeout,240.01898239995353,,,,,,,datasets\All_contract_DB1\FraxPool_110.sol,,Process timeout after 240s
db1_0204_fraxpool_111,FraxPool_111.sol,9b1ea287b77e4a55f700ae1a5161362e05d7a579,db1_0190_fraxpool_1,,timeout,240.01898239995353,,,,,,,datasets\All_contract_DB1\FraxPool_111.sol,,Process timeout after 240s
db1_0205_fraxpool_112,FraxPool_112.sol,9b1ea287b77e4a55f700ae1a5161362e05d7a579,db1_0190_fraxpool_1,,timeout,240.01898239995353,,,,,,,datasets\All_contract_DB1\FraxPool_112.sol,,Process timeout after 240s
db1_0206_fraxpool_113,FraxPool_113.sol,9b1ea287b77e4a55f700ae1a5161362e05d7a579,db1_0190_fraxpool_1,,timeout,240.01898239995353,,,,,,,datasets\All_contract_DB1\FraxPool_113.sol,,Process timeout after 240s
db1_0207_fraxpool_114,FraxPool_114.sol,9b1ea287b77e4a55f700ae1a5161362e05d7a579,db1_0190_fraxpool_1,,timeout,240.01898239995353,,,,,,,datasets\All_contract_DB1\FraxPool_114.sol,,Process timeout after 240s
db1_0208_fraxpool_115,FraxPool_115.sol,9b1ea287b77e4a55f700ae1a5161362e05d7a579,db1_0190_fraxpool_1,,timeout,240.01898239995353,,,,,,,datasets\All_contract_DB1\FraxPool_115.sol,,Process timeout after 240s
db1_0209_fraxpool_116,FraxPool_116.sol,9b1ea287b77e4a55f700ae1a5161362e05d7a579,db1_0190_fraxpool_1,,timeout,240.01898239995353,,,,,,,datasets\All_contract_DB1\FraxPool_116.sol,,Process timeout after 240s
db1_0210_fraxpool_117,FraxPool_117.sol,9b1ea287b77e4a55f700ae1a5161362e05d7a579,db1_0190_fraxpool_1,,timeout,240.01898239995353,,,,,,,datasets\All_contract_DB1\FraxPool_117.sol,,Process timeout after 240s
db1_0211_fraxpool_118,FraxPool_118.sol,9b1ea287b77e4a55f700ae1a5161362e05d7a579,db1_0190_fraxpool_1,,timeout,240.01898239995353,,,,,,,datasets\All_contract_DB1\FraxPool_118.sol,,Process timeout after 240s
db1_0212_fraxpool_119,FraxPool_119.sol,9b1ea287b77e4a55f700ae1a5161362e05d7a579,db1_0190_fraxpool_1,,timeout,240.01898239995353,,,,,False,264.5761053971946,datasets\All_contract_DB1\FraxPool_119.sol,,Process timeout after 240s
db1_0213_fraxpool_12,FraxPool_12.sol,9b1ea287b77e4a55f700ae1a5161362e05d7a579,db1_0190_fraxpool_1,,timeout,240.01898239995353,,,,,,,datasets\All_contract_DB1\FraxPool_12.sol,,Process timeout after 240s
db1_0214_fraxpool_120,FraxPool_120.sol,9b1ea287b77e4a55f700ae1a5161362e05d7a579,db1_0190_fraxpool_1,,timeout,240.01898239995353,,,,,,,datasets\All_contract_DB1\FraxPool_120.sol,,Process timeout after 240s
db1_0215_fraxpool_121,FraxPool_121.sol,9b1ea287b77e4a55f700ae1a5161362e05d7a579,db1_0190_fraxpool_1,,timeout,240.01898239995353,,,,,,,datasets\All_contract_DB1\FraxPool_121.sol,,Process timeout after 240s
db1_0216_fraxpool_122,FraxPool_122.sol,9b1ea287b77e4a55f700ae1a5161362e05d7a579,db1_0190_fraxpool_1,,timeout,240.01898239995353,,,,,,,datasets\All_contract_DB1\FraxPool_122.sol,,Process timeout after 240s
db1_0217_fraxpool_123,FraxPool_123.sol,9b1ea287b77e4a55f700ae1a5161362e05d7a579,db1_0190_fraxpool_1,,timeout,240.01898239995353,,,,,False,269.47374048642814,datasets\All_contract_DB1\FraxPool_123.sol,,Process timeout after 240s
db1_0218_fraxpool_124,FraxPool_124.sol,9b1ea287b77e4a55f700ae1a5161362e05d7a579,db1_0190_fraxpool_1,,timeout,240.01898239995353,,,,,,,datasets\All_contract_DB1\FraxPool_124.sol,,Process timeout after 240s
db1_0219_fraxpool_125,FraxPool_125.sol,9b1ea287b77e4a55f700ae1a5161362e05d7a579,db1_0190_fraxpool_1,,timeout,240.01898239995353,,,,,,,datasets\All_contract_DB1\FraxPool_125.sol,,Process timeout after 240s
db1_0220_fraxpool_126,FraxPool_126.sol,9b1ea287b77e4a55f700ae1a5161362e05d7a579,db1_0190_fraxpool_1,,timeout,240.01898239995353,,,,,,,datasets\All_contract_DB1\FraxPool_126.sol,,Process timeout after 240s
db1_0221_fraxpool_127,FraxPool_127.sol,9b1ea287b77e4a55f700ae1a5161362e05d7a579,db1_0190_fraxpool_1,,timeout,240.01898239995353,,,,,,,datasets\All_contract_DB1\FraxPool_127.sol,,Process timeout after 240s
db1_0222_fraxpool_128,FraxPool_128.sol,9b1ea287b77e4a55f700ae1a5161362e05d7a579,db1_0190_fraxpool_1,,timeout,240.01898239995353,,,,,,,datasets\All_contract_DB1\FraxPool_128.sol,,Process timeout after 240s
db1_0223_fraxpool_129,FraxPool_129.sol,9b1ea287b77e4a55f700ae1a5161362e05d7a579,db1_0190_fraxpool_1,,timeout,240.01898239995353,,,,,,,datasets\All_contract_DB1\FraxPool_129.sol,,Process timeout after 240s
db1_0224_fraxpool_13,FraxPool_13.sol,9b1ea287b77e4a55f700ae1a5161362e05d7a579,db1_0190_fraxpool_1,,timeout,240.01898239995353,,,,,,,datasets\All_contract_DB1\FraxPool_13.sol,,Process timeout after 240s
db1_0225_fraxpool_130,FraxPool_130.sol,9b1ea287b77e4a55f700ae1a5161362e05d7a579,db1_0190_fraxpool_1,,timeout,240.01898239995353,,,,,,,datasets\All_contract_DB1\FraxPool_130.sol,,Process timeout after 240s
db1_0226_fraxpool_131,FraxPool_131.sol,9b1ea287b77e4a55f700ae1a5161362e05d7a579,db1_0190_fraxpool_1,,timeout,240.01898239995353,,,,,,,datasets\All_contract_DB1\FraxPool_131.sol,,Process timeout after 240s
db1_0227_fraxpool_132,FraxPool_132.sol,9b1ea287b77e4a55f700ae1a5161362e05d7a579,db1_0190_fraxpool_1,,timeout,240.01898239995353,,,,,False,294.1394698768854,datasets\All_contract_DB1\FraxPool_132.sol,,Process timeout after 240s
db1_0228_fraxpool_133,FraxPool_133.sol,9b1ea287b77e4a55f700ae1a5161362e05d7a579,db1_0190_fraxpool_1,,timeout,240.01898239995353,,,,,,,datasets\All_contract_DB1\FraxPool_133.sol,,Process timeout after 240s
db1_0229_fraxpool_134,FraxPool_134.sol,9b1ea287b77e4a55f700ae1a5161362e05d7a579,db1_0190_fraxpool_1,,timeout,240.01898239995353,,,,,,,datasets\All_contract_DB1\FraxPool_134.sol,,Process timeout after 240s
db1_0230_fraxpool_135,FraxPool_135.sol,9b1ea287b77e4a55f700ae1a5161362e05d7a579,db1_0190_fraxpool_1,,timeout,240.01898239995353,,,,,False,284.85983027890325,datasets\All_contract_DB1\FraxPool_135.sol,,Process timeout after 240s
db1_0231_fraxpool_136,FraxPool_136.sol,9b1ea287b77e4a55f700ae1a5161362e05d7a579,db1_0190_fraxpool_1,,timeout,240.01898239995353,,,,,False,293.1384171601385,datasets\All_contract_DB1\FraxPool_136.sol,,Process timeout after 240s
db1_0232_fraxpool_137,FraxPool_137.sol,9b1ea287b77e4a55f700ae1a5161362e05d7a579,db1_0190_fraxpool_1,,timeout,240.01898239995353,,,,,,,datasets\All_contract_DB1\FraxPool_137.sol,,Process timeout after 240s
db1_0233_fraxpool_138,FraxPool_138.sol,9b1ea287b77e4a55f700ae1a5161362e05d7a579,db1_0190_fraxpool_1,,timeout,240.01898239995353,,,,,False,293.651777099818,datasets\All_contract_DB1\FraxPool_138.sol,,Process timeout after 240s
db1_0234_fraxpool_139,FraxPool_139.sol,9b1ea287b77e4a55f700ae1a5161362e05d7a579,db1_0190_fraxpool_1,,timeout,240.01898239995353,,,,,False,297.097183117643,datasets\All_contract_DB1\FraxPool_139.sol,,Process timeout after 240s
db1_0235_fraxpool_14,FraxPool_14.sol,9b1ea287b77e4a55f700ae1a5161362e05d7a579,db1_0190_fraxpool_1,,timeout,240.01898239995353,,,,,False,281.1851692534983,datasets\All_contract_DB1\FraxPool_14.sol,,Process timeout after 240s
db1_0236_fraxpool_140,FraxPool_140.sol,9b1ea287b77e4a55f700ae1a5161362e05d7a579,db1_0190_fraxpool_1,,timeout,240.01898239995353,,,,,False,277.31643126532435,datasets\All_contract_DB1\FraxPool_140.sol,,Process timeout after 240s
db1_0237_fraxpool_141,FraxPool_141.sol,9b1ea287b77e4a55f700ae1a5161362e05d7a579,db1_0190_fraxpool_1,,timeout,240.01898239995353,,,,,False,291.34759974479675,datasets\All_contract_DB1\FraxPool_141.sol,,Process timeout after 240s
db1_0238_fraxpool_142,FraxPool_142.sol,9b1ea287b77e4a55f700ae1a5161362e05d7a579,db1_0190_fraxpool_1,,timeout,240.01898239995353,,,,,,,datasets\All_contract_DB1\FraxPool_142.sol,,Process timeout after 240s
db1_0239_fraxpool_143,FraxPool_143.sol,9b1ea287b77e4a55f700ae1a5161362e05d7a579,db1_0190_fraxpool_1,,timeout,240.01898239995353,,,,,,,datasets\All_contract_DB1\FraxPool_143.sol,,Process timeout after 240s
db1_0240_fraxpool_144,FraxPool_144.sol,9b1ea287b77e4a55f700ae1a5161362e05d7a579,db1_0190_fraxpool_1,,timeout,240.01898239995353,,,,,False,253.28319299034774,datasets\All_contract_DB1\FraxPool_144.sol,,Process timeout after 240s
db1_0241_fraxpool_145,FraxPool_145.sol,9b1ea287b77e4a55f700ae1a5161362e05d7a579,db1_0190_fraxpool_1,,timeout,240.01898239995353,,,,,False,212.59726555272937,datasets\All_contract_DB1\FraxPool_145.sol,,Process timeout after 240s
db1_0242_fraxpool_146,FraxPool_146.sol,9b1ea287b77e4a55f700ae1a5161362e05d7a579,db1_0190_fraxpool_1,,timeout,240.01898239995353,,,,,,,datasets\All_contract_DB1\FraxPool_146.sol,,Process timeout after 240s
db1_0243_fraxpool_147,FraxPool_147.sol,9b1ea287b77e4a55f700ae1a5161362e05d7a579,db1_0190_fraxpool_1,,timeout,240.01898239995353,,,,,,,datasets\All_contract_DB1\FraxPool_147.sol,,Process timeout after 240s
db1_0244_fraxpool_148,FraxPool_148.sol,9b1ea287b77e4a55f700ae1a5161362e05d7a579,db1_0190_fraxpool_1,,timeout,240.01898239995353,,,,,,,datasets\All_contract_DB1\FraxPool_148.sol,,Process timeout after 240s
db1_0245_fraxpool_149,FraxPool_149.sol,9b1ea287b77e4a55f700ae1a5161362e05d7a579,db1_0190_fraxpool_1,,timeout,240.01898239995353,,,,,False,268.7799823824316,datasets\All_contract_DB1\FraxPool_149.sol,,Process timeout after 240s
db1_0246_fraxpool_15,FraxPool_15.sol,9b1ea287b77e4a55f700ae1a5161362e05d7a579,db1_0190_fraxpool_1,,timeout,240.01898239995353,,,,,,,datasets\All_contract_DB1\FraxPool_15.sol,,Process timeout after 240s
db1_0247_fraxpool_150,FraxPool_150.sol,9b1ea287b77e4a55f700ae1a5161362e05d7a579,db1_0190_fraxpool_1,,timeout,240.01898239995353,,,,,,,datasets\All_contract_DB1\FraxPool_150.sol,,Process timeout after 240s
db1_0248_fraxpool_151,FraxPool_151.sol,9b1ea287b77e4a55f700ae1a5161362e05d7a579,db1_0190_fraxpool_1,,timeout,240.01898239995353,,,,,,,datasets\All_contract_DB1\FraxPool_151.sol,,Process timeout after 240s
db1_0249_fraxpool_152,FraxPool_152.sol,9b1ea287b77e4a55f700ae1a5161362e05d7a579,db1_0190_fraxpool_1,,timeout,240.01898239995353,,,,,,,datasets\All_contract_DB1\FraxPool_152.sol,,Process timeout after 240s
db1_0250_fraxpool_153,FraxPool_153.sol,9b1ea287b77e4a55f700ae1a5161362e05d7a579,db1_0190_fraxpool_1,,timeout,240.01898239995353,,,,,,,datasets\All_contract_DB1\FraxPool_153.sol,,Process timeout after 240s
db1_0251_fraxpool_154,FraxPool_154.sol,9b1ea287b77e4a55f700ae1a5161362e05d7a579,db1_0190_fraxpool_1,,timeout,240.01898239995353,,,,,,,datasets\All_contract_DB1\FraxPool_154.sol,,Process timeout after 240s
db1_0252_fraxpool_155,FraxPool_155.sol,9b1ea287b77e4a55f700ae1a5161362e05d7a579,db1_0190_fraxpool_1,,timeout,240.01898239995353,,,,,False,262.0933481156826,datasets\All_contract_DB1\FraxPool_155.sol,,Process timeout after 240s
db1_0253_fraxpool_156,FraxPool_156.sol,9b1ea287b77e4a55f700ae1a5161362e05d7a579,db1_0190_fraxpool_1,,timeout,240.01898239995353,,,,,False,294.6402355618775,datasets\All_contract_DB1\FraxPool_156.sol,,Process timeout after 240s
db1_0254_fraxpool_157,FraxPool_157.sol,9b1ea287b77e4a55f700ae1a5161362e05d7a579,db1_0190_fraxpool_1,,timeout,240.01898239995353,,,,,,,datasets\All_contract_DB1\FraxPool_157.sol,,Process timeout after 240s
db1_0255_fraxpool_158,FraxPool_158.sol,9b1ea287b77e4a55f700ae1a5161362e05d7a579,db1_0190_fraxpool_1,,timeout,240.01898239995353,,,,,,,datasets\All_contract_DB1\FraxPool_158.sol,,Process timeout after 240s
db1_0256_fraxpool_159,FraxPool_159.sol,9b1ea287b77e4a55f700ae1a5161362e05d7a579,db1_0190_fraxpool_1,,timeout,240.01898239995353,,,,,,,datasets\All_contract_DB1\FraxPool_159.sol,,Process timeout after 240s
db1_0257_fraxpool_16,FraxPool_16.sol,9b1ea287b77e4a55f700ae1a5161362e05d7a579,db1_0190_fraxpool_1,,timeout,240.01898239995353,,,,,,,datasets\All_contract_DB1\FraxPool_16.sol,,Process timeout after 240s
db1_0258_fraxpool_160,FraxPool_160.sol,9b1ea287b77e4a55f700ae1a5161362e05d7a579,db1_0190_fraxpool_1,,timeout,240.01898239995353,,,,,,,datasets\All_contract_DB1\FraxPool_160.sol,,Process timeout after 240s
db1_0259_fraxpool_17,FraxPool_17.sol,9b1ea287b77e4a55f700ae1a5161362e05d7a579,db1_0190_fraxpool_1,,timeout,240.01898239995353,,,,,,,datasets\All_contract_DB1\FraxPool_17.sol,,Process timeout after 240s
db1_0260_fraxpool_18,FraxPool_18.sol,9b1ea287b77e4a55f700ae1a5161362e05d7a579,db1_0190_fraxpool_1,,timeout,240.01898239995353,,,,,,,datasets\All_contract_DB1\FraxPool_18.sol,,Process timeout after 240s
db1_0261_fraxpool_19,FraxPool_19.sol,9b1ea287b77e4a55f700ae1a5161362e05d7a579,db1_0190_fraxpool_1,,timeout,240.01898239995353,,,,,,,datasets\All_contract_DB1\FraxPool_19.sol,,Process timeout after 240s
db1_0262_fraxpool_2,FraxPool_2.sol,9b1ea287b77e4a55f700ae1a5161362e05d7a579,db1_0190_fraxpool_1,,timeout,240.01898239995353,,,,,,,datasets\All_contract_DB1\FraxPool_2.sol,,Process timeout after 240s
db1_0263_fraxpool_20,FraxPool_20.sol,9b1ea287b77e4a55f700ae1a5161362e05d7a579,db1_0190_fraxpool_1,,timeout,240.01898239995353,,,,,,,datasets\All_contract_DB1\FraxPool_20.sol,,Process timeout after 240s
db1_0264_fraxpool_21,FraxPool_21.sol,9b1ea287b77e4a55f700ae1a5161362e05d7a579,db1_0190_fraxpool_1,,timeout,240.01898239995353,,,,,,,datasets\All_contract_DB1\FraxPool_21.sol,,Process timeout after 240s
db1_0265_fraxpool_22,FraxPool_22.sol,9b1ea287b77e4a55f700ae1a5161362e05d7a579,db1_0190_fraxpool_1,,timeout,240.01898239995353,,,,,,,datasets\All_contract_DB1\FraxPool_22.sol,,Process timeout after 240s
db1_0266_fraxpool_23,FraxPool_23.sol,9b1ea287b77e4a55f700ae1a5161362e05d7a579,db1_0190_fraxpool_1,,timeout,240.01898239995353,,,,,,,datasets\All_contract_DB1\FraxPool_23.sol,,Process timeout after 240s
db1_0267_fraxpool_24,FraxPool_24.sol,9b1ea287b77e4a55f700ae1a5161362e05d7a579,db1_0190_fraxpool_1,,timeout,240.01898239995353,,,,,,,datasets\All_contract_DB1\FraxPool_24.sol,,Process timeout after 240s
db1_0268_fraxpool_25,FraxPool_25.sol,9b1ea287b77e4a55f700ae1a5161362e05d7a579,db1_0190_fraxpool_1,,timeout,240.01898239995353,,,,,,,datasets\All_contract_DB1\FraxPool_25.sol,,Process timeout after 240s
db1_0269_fraxpool_26,FraxPool_26.sol,9b1ea287b77e4a55f700ae1a5161362e05d7a579,db1_0190_fraxpool_1,,timeout,240.01898239995353,,,,,,,datasets\All_contract_DB1\FraxPool_26.sol,,Process timeout after 240s
db1_0270_fraxpool_27,FraxPool_27.sol,9b1ea287b77e4a55f700ae1a5161362e05d7a579,db1_0190_fraxpool_1,,timeout,240.01898239995353,,,,,False,297.0738237425685,datasets\All_contract_DB1\FraxPool_27.sol,,Process timeout after 240s
db1_0271_fraxpool_28,FraxPool_28.sol,9b1ea287b77e4a55f700ae1a5161362e05d7a579,db1_0190_fraxpool_1,,timeout,240.01898239995353,,,,,,,datasets\All_contract_DB1\FraxPool_28.sol,,Process timeout after 240s
db1_0272_fraxpool_29,FraxPool_29.sol,9b1ea287b77e4a55f700ae1a5161362e05d7a579,db1_0190_fraxpool_1,,timeout,240.01898239995353,,,,,,,datasets\All_contract_DB1\FraxPool_29.sol,,Process timeout after 240s
db1_0273_fraxpool_3,FraxPool_3.sol,9b1ea287b77e4a55f700ae1a5161362e05d7a579,db1_0190_fraxpool_1,,timeout,240.01898239995353,,,,,,,datasets\All_contract_DB1\FraxPool_3.sol,,Process timeout after 240s
db1_0274_fraxpool_30,FraxPool_30.sol,9b1ea287b77e4a55f700ae1a5161362e05d7a579,db1_0190_fraxpool_1,,timeout,240.01898239995353,,,,,False,277.8292277865112,datasets\All_contract_DB1\FraxPool_30.sol,,Process timeout after 240s
db1_0275_fraxpool_31,FraxPool_31.sol,9b1ea287b77e4a55f700ae1a5161362e05d7a579,db1_0190_fraxpool_1,,timeout,240.01898239995353,,,,,,,datasets\All_contract_DB1\FraxPool_31.sol,,Process timeout after 240s
db1_0276_fraxpool_32,FraxPool_32.sol,9b1ea287b77e4a55f700ae1a5161362e05d7a579,db1_0190_fraxpool_1,,timeout,240.01898239995353,,,,,,,datasets\All_contract_DB1\FraxPool_32.sol,,Process timeout after 240s
db1_0277_fraxpool_33,FraxPool_33.sol,9b1ea287b77e4a55f700ae1a5161362e05d7a579,db1_0190_fraxpool_1,,timeout,240.01898239995353,,,,,,,datasets\All_contract_DB1\FraxPool_33.sol,,Process timeout after 240s
db1_0278_fraxpool_34,FraxPool_34.sol,9b1ea287b77e4a55f700ae1a5161362e05d7a579,db1_0190_fraxpool_1,,timeout,240.01898239995353,,,,,,,datasets\All_contract_DB1\FraxPool_34.sol,,Process timeout after 240s
db1_0279_fraxpool_35,FraxPool_35.sol,9b1ea287b77e4a55f700ae1a5161362e05d7a579,db1_0190_fraxpool_1,,timeout,240.01898239995353,,,,,,,datasets\All_contract_DB1\FraxPool_35.sol,,Process timeout after 240s
db1_0280_fraxpool_36,FraxPool_36.sol,9b1ea287b77e4a55f700ae1a5161362e05d7a579,db1_0190_fraxpool_1,,timeout,240.01898239995353,,,,,,,datasets\All_contract_DB1\FraxPool_36.sol,,Process timeout after 240s
db1_0281_fraxpool_37,FraxPool_37.sol,9b1ea287b77e4a55f700ae1a5161362e05d7a579,db1_0190_fraxpool_1,,timeout,240.01898239995353,,,,,,,datasets\All_contract_DB1\FraxPool_37.sol,,Process timeout after 240s
db1_0282_fraxpool_38,FraxPool_38.sol,9b1ea287b77e4a55f700ae1a5161362e05d7a579,db1_0190_fraxpool_1,,timeout,240.01898239995353,,,,,,,datasets\All_contract_DB1\FraxPool_38.sol,,Process timeout after 240s
db1_0283_fraxpool_39,FraxPool_39.sol,9b1ea287b77e4a55f700ae1a5161362e05d7a579,db1_0190_fraxpool_1,,timeout,240.01898239995353,,,,,False,296.17147240415215,datasets\All_contract_DB1\FraxPool_39.sol,,Process timeout after 240s
db1_0284_fraxpool_4,FraxPool_4.sol,9b1ea287b77e4a55f700ae1a5161362e05d7a579,db1_0190_fraxpool_1,,timeout,240.01898239995353,,,,,,,datasets\All_contract_DB1\FraxPool_4.sol,,Process timeout after 240s
db1_0285_fraxpool_40,FraxPool_40.sol,9b1ea287b77e4a55f700ae1a5161362e05d7a579,db1_0190_fraxpool_1,,timeout,240.01898239995353,,,,,False,296.68936962261796,datasets\All_contract_DB1\FraxPool_40.sol,,Process timeout after 240s
db1_0286_fraxpool_41,FraxPool_41.sol,9b1ea287b77e4a55f700ae1a5161362e05d7a579,db1_0190_fraxpool_1,,timeout,240.01898239995353,,,,,,,datasets\All_contract_DB1\FraxPool_41.sol,,Process timeout after 240s
db1_0287_fraxpool_42,FraxPool_42.sol,9b1ea287b77e4a55f700ae1a5161362e05d7a579,db1_0190_fraxpool_1,,timeout,240.01898239995353,,,,,,,datasets\All_contract_DB1\FraxPool_42.sol,,Process timeout after 240s
db1_0288_fraxpool_43,FraxPool_43.sol,9b1ea287b77e4a55f700ae1a5161362e05d7a579,db1_0190_fraxpool_1,,timeout,240.01898239995353,,,,,,,datasets\All_contract_DB1\FraxPool_43.sol,,Process timeout after 240s
db1_0289_fraxpool_44,FraxPool_44.sol,9b1ea287b77e4a55f700ae1a5161362e05d7a579,db1_0190_fraxpool_1,,timeout,240.01898239995353,,,,,,,datasets\All_contract_DB1\FraxPool_44.sol,,Process timeout after 240s
db1_0290_fraxpool_45,FraxPool_45.sol,9b1ea287b77e4a55f700ae1a5161362e05d7a579,db1_0190_fraxpool_1,,timeout,240.01898239995353,,,,,,,datasets\All_contract_DB1\FraxPool_45.sol,,Process timeout after 240s
db1_0291_fraxpool_46,FraxPool_46.sol,9b1ea287b77e4a55f700ae1a5161362e05d7a579,db1_0190_fraxpool_1,,timeout,240.01898239995353,,,,,,,datasets\All_contract_DB1\FraxPool_46.sol,,Process timeout after 240s
db1_0292_fraxpool_47,FraxPool_47.sol,9b1ea287b77e4a55f700ae1a5161362e05d7a579,db1_0190_fraxpool_1,,timeout,240.01898239995353,,,,,,,datasets\All_contract_DB1\FraxPool_47.sol,,Process timeout after 240s
db1_0293_fraxpool_48,FraxPool_48.sol,9b1ea287b77e4a55f700ae1a5161362e05d7a579,db1_0190_fraxpool_1,,timeout,240.01898239995353,,,,,,,datasets\All_contract_DB1\FraxPool_48.sol,,Process timeout after 240s
db1_0294_fraxpool_49,FraxPool_49.sol,9b1ea287b77e4a55f700ae1a5161362e05d7a579,db1_0190_fraxpool_1,,timeout,240.01898239995353,,,,,,,datasets\All_contract_DB1\FraxPool_49.sol,,Process timeout after 240s
db1_0295_fraxpool_5,FraxPool_5.sol,9b1ea287b77e4a55f700ae1a5161362e05d7a579,db1_0190_fraxpool_1,,timeout,240.01898239995353,,,,,,,datasets\All_contract_DB1\FraxPool_5.sol,,Process timeout after 240s
db1_0296_fraxpool_50,FraxPool_50.sol,9b1ea287b77e4a55f700ae1a5161362e05d7a579,db1_0190_fraxpool_1,,timeout,240.01898239995353,,,,,False,287.19951554201543,datasets\All_contract_DB1\FraxPool_50.sol,,Process timeout after 240s
db1_0297_fraxpool_51,FraxPool_51.sol,9b1ea287b77e4a55f700ae1a5161362e05d7a579,db1_0190_fraxpool_1,,timeout,240.01898239995353,,,,,,,datasets\All_contract_DB1\FraxPool_51.sol,,Process timeout after 240s
db1_0298_fraxpool_52,FraxPool_52.sol,9b1ea287b77e4a55f700ae1a5161362e05d7a579,db1_0190_fraxpool_1,,timeout,240.01898239995353,,,,,False,252.33712008409202,datasets\All_contract_DB1\FraxPool_52.sol,,Process timeout after 240s
db1_0299_fraxpool_53,FraxPool_53.sol,9b1ea287b77e4a55f700ae1a5161362e05d7a579,db1_0190_fraxpool_1,,timeout,240.01898239995353,,,,,,,datasets\All_contract_DB1\FraxPool_53.sol,,Process timeout after 240s
db1_0300_fraxpool_54,FraxPool_54.sol,9b1ea287b77e4a55f700ae1a5161362e05d7a579,db1_0190_fraxpool_1,,timeout,240.01898239995353,,,,,,,datasets\All_contract_DB1\FraxPool_54.sol,,Process timeout after 240s
db1_0301_fraxpool_55,FraxPool_55.sol,9b1ea287b77e4a55f700ae1a5161362e05d7a579,db1_0190_fraxpool_1,,timeout,240.01898239995353,,,,,,,datasets\All_contract_DB1\FraxPool_55.sol,,Process timeout after 240s
db1_0302_fraxpool_56,FraxPool_56.sol,9b1ea287b77e4a55f700ae1a5161362e05d7a579,db1_0190_fraxpool_1,,timeout,240.01898239995353,,,,,,,datasets\All_contract_DB1\FraxPool_56.sol,,Process timeout after 240s
db1_0303_fraxpool_57,FraxPool_57.sol,9b1ea287b77e4a55f700ae1a5161362e05d7a579,db1_0190_fraxpool_1,,timeout,240.01898239995353,,,,,,,datasets\All_contract_DB1\FraxPool_57.sol,,Process timeout after 240s
db1_0304_fraxpool_58,FraxPool_58.sol,9b1ea287b77e4a55f700ae1a5161362e05d7a579,db1_0190_fraxpool_1,,timeout,240.01898239995353,,,,,,,datasets\All_contract_DB1\FraxPool_58.sol,,Process timeout after 240s
db1_0305_fraxpool_59,FraxPool_59.sol,9b1ea287b77e4a55f700ae1a5161362e05d7a579,db1_0190_fraxpool_1,,timeout,240.01898239995353,,,,,,,datasets\All_contract_DB1\FraxPool_59.sol,,Process timeout after 240s
db1_0306_fraxpool_6,FraxPool_6.sol,9b1ea287b77e4a55f700ae1a5161362e05d7a579,db1_0190_fraxpool_1,,timeout,240.01898239995353,,,,,,,datasets\All_contract_DB1\FraxPool_6.sol,,Process timeout after 240s
db1_0307_fraxpool_60,FraxPool_60.sol,9b1ea287b77e4a55f700ae1a5161362e05d7a579,db1_0190_fraxpool_1,,timeout,240.01898239995353,,,,,,,datasets\All_contract_DB1\FraxPool_60.sol,,Process timeout after 240s
db1_0308_fraxpool_61,FraxPool_61.sol,9b1ea287b77e4a55f700ae1a5161362e05d7a579,db1_0190_fraxpool_1,,timeout,240.01898239995353,,,,,,,datasets\All_contract_DB1\FraxPool_61.sol,,Process timeout after 240s
db1_0309_fraxpool_62,FraxPool_62.sol,9b1ea287b77e4a55f700ae1a5161362e05d7a579,db1_0190_fraxpool_1,,timeout,240.01898239995353,,,,,,,datasets\All_contract_DB1\FraxPool_62.sol,,Process timeout after 240s
db1_0310_fraxpool_63,FraxPool_63.sol,9b1ea287b77e4a55f700ae1a5161362e05d7a579,db1_0190_fraxpool_1,,timeout,240.01898239995353,,,,,False,279.34500333853066,datasets\All_contract_DB1\FraxPool_63.sol,,Process timeout after 240s
db1_0311_fraxpool_64,FraxPool_64.sol,9b1ea287b77e4a55f700ae1a5161362e05d7a579,db1_0190_fraxpool_1,,timeout,240.01898239995353,,,,,,,datasets\All_contract_DB1\FraxPool_64.sol,,Process timeout after 240s
db1_0312_fraxpool_65,FraxPool_65.sol,9b1ea287b77e4a55f700ae1a5161362e05d7a579,db1_0190_fraxpool_1,,timeout,240.01898239995353,,,,,,,datasets\All_contract_DB1\FraxPool_65.sol,,Process timeout after 240s
db1_0313_fraxpool_66,FraxPool_66.sol,9b1ea287b77e4a55f700ae1a5161362e05d7a579,db1_0190_fraxpool_1,,timeout,240.01898239995353,,,,,False,293.6070506758988,datasets\All_contract_DB1\FraxPool_66.sol,,Process timeout after 240s
db1_0314_fraxpool_67,FraxPool_67.sol,9b1ea287b77e4a55f700ae1a5161362e05d7a579,db1_0190_fraxpool_1,,timeout,240.01898239995353,,,,,,,datasets\All_contract_DB1\FraxPool_67.sol,,Process timeout after 240s
db1_0315_fraxpool_68,FraxPool_68.sol,9b1ea287b77e4a55f700ae1a5161362e05d7a579,db1_0190_fraxpool_1,,timeout,240.01898239995353,,,,,,,datasets\All_contract_DB1\FraxPool_68.sol,,Process timeout after 240s
db1_0316_fraxpool_69,FraxPool_69.sol,9b1ea287b77e4a55f700ae1a5161362e05d7a579,db1_0190_fraxpool_1,,timeout,240.01898239995353,,,,,,,datasets\All_contract_DB1\FraxPool_69.sol,,Process timeout after 240s
db1_0317_fraxpool_7,FraxPool_7.sol,9b1ea287b77e4a55f700ae1a5161362e05d7a579,db1_0190_fraxpool_1,,timeout,240.01898239995353,,,,,False,268.258917151019,datasets\All_contract_DB1\FraxPool_7.sol,,Process timeout after 240s
db1_0318_fraxpool_70,FraxPool_70.sol,9b1ea287b77e4a55f700ae1a5161362e05d7a579,db1_0190_fraxpool_1,,timeout,240.01898239995353,,,,,,,datasets\All_contract_DB1\FraxPool_70.sol,,Process timeout after 240s
db1_0319_fraxpool_71,FraxPool_71.sol,9b1ea287b77e4a55f700ae1a5161362e05d7a579,db1_0190_fraxpool_1,,timeout,240.01898239995353,,,,,,,datasets\All_contract_DB1\FraxPool_71.sol,,Process timeout after 240s
db1_0320_fraxpool_72,FraxPool_72.sol,9b1ea287b77e4a55f700ae1a5161362e05d7a579,db1_0190_fraxpool_1,,timeout,240.01898239995353,,,,,,,datasets\All_contract_DB1\FraxPool_72.sol,,Process timeout after 240s
db1_0321_fraxpool_73,FraxPool_73.sol,9b1ea287b77e4a55f700ae1a5161362e05d7a579,db1_0190_fraxpool_1,,timeout,240.01898239995353,,,,,,,datasets\All_contract_DB1\FraxPool_73.sol,,Process timeout after 240s
db1_0322_fraxpool_74,FraxPool_74.sol,9b1ea287b77e4a55f700ae1a5161362e05d7a579,db1_0190_fraxpool_1,,timeout,240.01898239995353,,,,,False,274.49588822573423,datasets\All_contract_DB1\FraxPool_74.sol,,Process timeout after 240s
db1_0323_fraxpool_75,FraxPool_75.sol,9b1ea287b77e4a55f700ae1a5161362e05d7a579,db1_0190_fraxpool_1,,timeout,240.01898239995353,,,,,,,datasets\All_contract_DB1\FraxPool_75.sol,,Process timeout after 240s
db1_0324_fraxpool_76,FraxPool_76.sol,9b1ea287b77e4a55f700ae1a5161362e05d7a579,db1_0190_fraxpool_1,,timeout,240.01898239995353,,,,,,,datasets\All_contract_DB1\FraxPool_76.sol,,Process timeout after 240s
db1_0325_fraxpool_77,FraxPool_77.sol,9b1ea287b77e4a55f700ae1a5161362e05d7a579,db1_0190_fraxpool_1,,timeout,240.01898239995353,,,,,,,datasets\All_contract_DB1\FraxPool_77.sol,,Process timeout after 240s
db1_0326_fraxpool_78,FraxPool_78.sol,9b1ea287b77e4a55f700ae1a5161362e05d7a579,db1_0190_fraxpool_1,,timeout,240.01898239995353,,,,,,,datasets\All_contract_DB1\FraxPool_78.sol,,Process timeout after 240s
db1_0327_fraxpool_79,FraxPool_79.sol,9b1ea287b77e4a55f700ae1a5161362e05d7a579,db1_0190_fraxpool_1,,timeout,240.01898239995353,,,,,,,datasets\All_contract_DB1\FraxPool_79.sol,,Process timeout after 240s
db1_0328_fraxpool_8,FraxPool_8.sol,9b1ea287b77e4a55f700ae1a5161362e05d7a579,db1_0190_fraxpool_1,,timeout,240.01898239995353,,,,,,,datasets\All_contract_DB1\FraxPool_8.sol,,Process timeout after 240s
db1_0329_fraxpool_80,FraxPool_80.sol,9b1ea287b77e4a55f700ae1a5161362e05d7a579,db1_0190_fraxpool_1,,timeout,240.01898239995353,,,,,,,datasets\All_contract_DB1\FraxPool_80.sol,,Process timeout after 240s
db1_0330_fraxpool_81,FraxPool_81.sol,9b1ea287b77e4a55f700ae1a5161362e05d7a579,db1_0190_fraxpool_1,,timeout,240.01898239995353,,,,,,,datasets\All_contract_DB1\FraxPool_81.sol,,Process timeout after 240s
db1_0331_fraxpool_82,FraxPool_82.sol,9b1ea287b77e4a55f700ae1a5161362e05d7a579,db1_0190_fraxpool_1,,timeout,240.01898239995353,,,,,False,297.00429642386734,datasets\All_contract_DB1\FraxPool_82.sol,,Process timeout after 240s
db1_0332_fraxpool_83,FraxPool_83.sol,9b1ea287b77e4a55f700ae1a5161362e05d7a579,db1_0190_fraxpool_1,,timeout,240.01898239995353,,,,,False,249.82483743689954,datasets\All_contract_DB1\FraxPool_83.sol,,Process timeout after 240s
db1_0333_fraxpool_84,FraxPool_84.sol,9b1ea287b77e4a55f700ae1a5161362e05d7a579,db1_0190_fraxpool_1,,timeout,240.01898239995353,,,,,,,datasets\All_contract_DB1\FraxPool_84.sol,,Process timeout after 240s
db1_0334_fraxpool_85,FraxPool_85.sol,9b1ea287b77e4a55f700ae1a5161362e05d7a579,db1_0190_fraxpool_1,,timeout,240.01898239995353,,,,,,,datasets\All_contract_DB1\FraxPool_85.sol,,Process timeout after 240s
db1_0335_fraxpool_86,FraxPool_86.sol,9b1ea287b77e4a55f700ae1a5161362e05d7a579,db1_0190_fraxpool_1,,timeout,240.01898239995353,,,,,,,datasets\All_contract_DB1\FraxPool_86.sol,,Process timeout after 240s
db1_0336_fraxpool_87,FraxPool_87.sol,9b1ea287b77e4a55f700ae1a5161362e05d7a579,db1_0190_fraxpool_1,,timeout,240.01898239995353,,,,,False,283.438230779022,datasets\All_contract_DB1\FraxPool_87.sol,,Process timeout after 240s
db1_0337_fraxpool_88,FraxPool_88.sol,9b1ea287b77e4a55f700ae1a5161362e05d7a579,db1_0190_fraxpool_1,,timeout,240.01898239995353,,,,,,,datasets\All_contract_DB1\FraxPool_88.sol,,Process timeout after 240s
db1_0338_fraxpool_89,FraxPool_89.sol,9b1ea287b77e4a55f700ae1a5161362e05d7a579,db1_0190_fraxpool_1,,timeout,240.01898239995353,,,,,,,datasets\All_contract_DB1\FraxPool_89.sol,,Process timeout after 240s
db1_0339_fraxpool_9,FraxPool_9.sol,9b1ea287b77e4a55f700ae1a5161362e05d7a579,db1_0190_fraxpool_1,,timeout,240.01898239995353,,,,,,,datasets\All_contract_DB1\FraxPool_9.sol,,Process timeout after 240s
db1_0340_fraxpool_90,FraxPool_90.sol,9b1ea287b77e4a55f700ae1a5161362e05d7a579,db1_0190_fraxpool_1,,timeout,240.01898239995353,,,,,,,datasets\All_contract_DB1\FraxPool_90.sol,,Process timeout after 240s
db1_0341_fraxpool_91,FraxPool_91.sol,9b1ea287b77e4a55f700ae1a5161362e05d7a579,db1_0190_fraxpool_1,,timeout,240.01898239995353,,,,,,,datasets\All_contract_DB1\FraxPool_91.sol,,Process timeout after 240s
db1_0342_fraxpool_92,FraxPool_92.sol,9b1ea287b77e4a55f700ae1a5161362e05d7a579,db1_0190_fraxpool_1,,timeout,240.01898239995353,,,,,,,datasets\All_contract_DB1\FraxPool_92.sol,,Process timeout after 240s
db1_0343_fraxpool_93,FraxPool_93.sol,9b1ea287b77e4a55f700ae1a5161362e05d7a579,db1_0190_fraxpool_1,,timeout,240.01898239995353,,,,,,,datasets\All_contract_DB1\FraxPool_93.sol,,Process timeout after 240s
db1_0344_fraxpool_94,FraxPool_94.sol,9b1ea287b77e4a55f700ae1a5161362e05d7a579,db1_0190_fraxpool_1,,timeout,240.01898239995353,,,,,,,datasets\All_contract_DB1\FraxPool_94.sol,,Process timeout after 240s
db1_0345_fraxpool_95,FraxPool_95.sol,9b1ea287b77e4a55f700ae1a5161362e05d7a579,db1_0190_fraxpool_1,,timeout,240.01898239995353,,,,,,,datasets\All_contract_DB1\FraxPool_95.sol,,Process timeout after 240s
db1_0346_fraxpool_96,FraxPool_96.sol,9b1ea287b77e4a55f700ae1a5161362e05d7a579,db1_0190_fraxpool_1,,timeout,240.01898239995353,,,,,,,datasets\All_contract_DB1\FraxPool_96.sol,,Process timeout after 240s
db1_0347_fraxpool_97,FraxPool_97.sol,9b1ea287b77e4a55f700ae1a5161362e05d7a579,db1_0190_fraxpool_1,,timeout,240.01898239995353,,,,,,,datasets\All_contract_DB1\FraxPool_97.sol,,Process timeout after 240s
db1_0348_fraxpool_98,FraxPool_98.sol,9b1ea287b77e4a55f700ae1a5161362e05d7a579,db1_0190_fraxpool_1,,timeout,240.01898239995353,,,,,,,datasets\All_contract_DB1\FraxPool_98.sol,,Process timeout after 240s
db1_0349_fraxpool_99,FraxPool_99.sol,9b1ea287b77e4a55f700ae1a5161362e05d7a579,db1_0190_fraxpool_1,,timeout,240.01898239995353,,,,,,,datasets\All_contract_DB1\FraxPool_99.sol,,Process timeout after 240s
db1_0350_fujivault_1,FujiVault_1.sol,6422a0f086f0c73b5e4a328d6eba92b0ddf12aa4,,,timeout,240.02911269990727,,,,,False,0.9471587631851435,datasets\All_contract_DB1\FujiVault_1.sol,,Process timeout after 240s
db1_0351_fujivault_2,FujiVault_2.sol,6422a0f086f0c73b5e4a328d6eba92b0ddf12aa4,db1_0350_fujivault_1,,timeout,240.02911269990727,,,,,False,0.9411335326731205,datasets\All_contract_DB1\FujiVault_2.sol,,Process timeout after 240s
db1_0352_fujivault_3,FujiVault_3.sol,6422a0f086f0c73b5e4a328d6eba92b0ddf12aa4,db1_0350_fujivault_1,,timeout,240.02911269990727,,,,,False,0.9461593329906464,datasets\All_contract_DB1\FujiVault_3.sol,,Process timeout after 240s
db1_0353_fujivault_4,FujiVault_4.sol,6422a0f086f0c73b5e4a328d6eba92b0ddf12aa4,db1_0350_fujivault_1,,timeout,240.02911269990727,,,,,False,0.9436739142984152,datasets\All_contract_DB1\FujiVault_4.sol,,Process timeout after 240s
db1_0354_fujivault_5,FujiVault_5.sol,6422a0f086f0c73b5e4a328d6eba92b0ddf12aa4,db1_0350_fujivault_1,,timeout,240.02911269990727,,,,,False,0.9456211514770985,datasets\All_contract_DB1\FujiVault_5.sol,,Process timeout after 240s
db1_0355_fundv3_1,FundV3_1.sol,639fb2b7956fce589dd0cf1ba23dd25bc00df6a5,,,compile_failed,6.190451800008304,,,,,False,0.9827519711107016,datasets\All_contract_DB1\FundV3_1.sol,,"======================================================================
  Reentrancy Guardian - Semantic ICFG Reentrancy Detector
======================================================================
[0.0%] Phase 1: Parsing: 0/4
[-] Failed to load project: Invalid compilation: 
Invalid solc compilation, none of the solc versions provided worked:
0.7.6: Invalid solc compilation Warning: SPDX license identifier not provided in source file. Before publishing, consider adding a comment containing ""SPDX-License-Identifier: <SPDX-License>"" to each source file. Use ""SPDX-License-Identifier: UNLICENSED"" for non-open-source code. Please see https://spdx.org for more information.

--> D:/code/icfg/datasets/All_contract_DB1/FundV3_1.sol



Error: Abstract contracts cannot have public constructors. Remove the ""public"" keyword to fix this.

    --> D:/code/icfg/datasets/All_contract_DB1/FundV3_1.sol:1353:5:

     |

1353 |     constructor(

     |     ^ (Relevant source part starts here and spans across multiple lines).



Warning: Visibility for constructor is ignored. If you want the contract to be non-deployable, making it ""abstract"" is sufficient.

    --> D:/code/icfg/datasets/All_contract_DB1/FundV3_1.sol:1598:5:

     |

1598 |     constructor(ConstructorParameters memory params)

     |     ^ (Relevant source part starts here and spans across multiple lines).




[ERROR] Analysis failed: Invalid compilation: 
Invalid solc compilation, none of the solc versions provided worked:
0.7.6: Invalid solc compilation Warning: SPDX license identifier not provided in source file. Before publishing, consider adding a comment containing ""SPDX-License-Identifier: <SPDX-License>"" to each source file. Use ""SPDX-License-Identifier: UNLICENSED"" for non-open-source code. Please see https://spdx.org for more information.

--> D:/code/icfg/datasets/All_contract_DB1/FundV3_1.sol



Error: Abstract contracts cannot have public constructors. Remove the ""public"" keyword to fix thi
...[truncated]"
db1_0356_gnosissafe_1,GnosisSafe_1.sol,8766e4648841718c531ca172d90586581e9acdcd,,0,ok,3.3705878999317065,0,0,0,0,True,11.157587930560112,datasets\All_contract_DB1\GnosisSafe_1.sol,,
db1_0357_gnosissafe_2,GnosisSafe_2.sol,8766e4648841718c531ca172d90586581e9acdcd,db1_0356_gnosissafe_1,0,ok,3.3705878999317065,0,0,0,0,True,11.189921161159873,datasets\All_contract_DB1\GnosisSafe_2.sol,,
db1_0358_gnosissafe_3,GnosisSafe_3.sol,8766e4648841718c531ca172d90586581e9acdcd,db1_0356_gnosissafe_1,0,ok,3.3705878999317065,0,0,0,0,True,11.43207567371428,datasets\All_contract_DB1\GnosisSafe_3.sol,,
db1_0359_golemnetworktoken_1,GolemNetworkToken_1.sol,1d46b06af3522433837ddf894cacc878bc16f99c,,0,ok,1.7026398000307381,0,0,0,0,True,1.5256606042385101,datasets\All_contract_DB1\GolemNetworkToken_1.sol,,
db1_0360_goodghosting_1,GoodGhosting_1.sol,6dd26c41a67b1acf5c93f314c02cddf3d8237f4c,,,compile_failed,2.876105200033635,,,,,False,0.9764435961842537,datasets\All_contract_DB1\GoodGhosting_1.sol,,"======================================================================
  Reentrancy Guardian - Semantic ICFG Reentrancy Detector
======================================================================
[0.0%] Phase 1: Parsing: 0/4
[-] Failed to load project: Invalid compilation: 
Invalid solc compilation, none of the solc versions provided worked:
0.6.11: Invalid solc compilation Warning: SPDX license identifier not provided in source file. Before publishing, consider adding a comment containing ""SPDX-License-Identifier: <SPDX-License>"" to each source file. Use ""SPDX-License-Identifier: UNLICENSED"" for non-open-source code. Please see https://spdx.org for more information.

--> D:/code/icfg/datasets/All_contract_DB1/GoodGhosting_1.sol



Error: No visibility specified. Did you intend to add ""public""?

  --> D:/code/icfg/datasets/All_contract_DB1/GoodGhosting_1.sol:51:5:

   |

51 |     constructor() {

   |     ^ (Relevant source part starts here and spans across multiple lines).



Error: No visibility specified. Did you intend to add ""public""?

   --> D:/code/icfg/datasets/All_contract_DB1/GoodGhosting_1.sol:125:5:

    |

125 |     constructor () {

    |     ^ (Relevant source part starts here and spans across multiple lines).




[ERROR] Analysis failed: Invalid compilation: 
Invalid solc compilation, none of the solc versions provided worked:
0.6.11: Invalid solc compilation Warning: SPDX license identifier not provided in source file. Before publishing, consider adding a comment containing ""SPDX-License-Identifier: <SPDX-License>"" to each source file. Use ""SPDX-License-Identifier: UNLICENSED"" for non-open-source code. Please see https://spdx.org for more information.

--> D:/code/icfg/datasets/All_contract_DB1/GoodGhosting_1.sol



Error: No visibility specified. Did you intend to add ""public""?

  --> D:/code/icfg/datasets/All_contract_DB1/GoodGhosting_1.sol:51:5:

   |

51 |     constructor() {

   |     ^ (Relevant source part starts here and s
...[truncated]"
db1_0361_governor_1,Governor_1.sol,133e2a5b4b09b5ca80b7d123074164349685e426,,,compile_failed,2.783640700043179,,,,,False,0.9734770115464926,datasets\All_contract_DB1\Governor_1.sol,,"======================================================================
  Reentrancy Guardian - Semantic ICFG Reentrancy Detector
======================================================================
[0.0%] Phase 1: Parsing: 0/4
[-] Failed to load project: Invalid compilation: 
Invalid solc compilation, none of the solc versions provided worked:
0.5.11: Invalid solc compilation D:/code/icfg/datasets/All_contract_DB1/Governor_1.sol:172:5: Error: Expected ';' but got '}'

    }

    ^


[ERROR] Analysis failed: Invalid compilation: 
Invalid solc compilation, none of the solc versions provided worked:
0.5.11: Invalid solc compilation D:/code/icfg/datasets/All_contract_DB1/Governor_1.sol:172:5: Error: Expected ';' but got '}'

    }

    ^



[ERROR] Analysis failed: Invalid compilation: 
Invalid solc compilation, none of the solc versions provided worked:
0.5.11: Invalid solc compilation D:/code/icfg/datasets/All_contract_DB1/Governor_1.sol:172:5: Error: Expected ';' but got '}'

    }

    ^"
db1_0362_governor_2,Governor_2.sol,133e2a5b4b09b5ca80b7d123074164349685e426,db1_0361_governor_1,,compile_failed,2.783640700043179,,,,,False,0.9312408491969109,datasets\All_contract_DB1\Governor_2.sol,,"======================================================================
  Reentrancy Guardian - Semantic ICFG Reentrancy Detector
======================================================================
[0.0%] Phase 1: Parsing: 0/4
[-] Failed to load project: Invalid compilation: 
Invalid solc compilation, none of the solc versions provided worked:
0.5.11: Invalid solc compilation D:/code/icfg/datasets/All_contract_DB1/Governor_1.sol:172:5: Error: Expected ';' but got '}'

    }

    ^


[ERROR] Analysis failed: Invalid compilation: 
Invalid solc compilation, none of the solc versions provided worked:
0.5.11: Invalid solc compilation D:/code/icfg/datasets/All_contract_DB1/Governor_1.sol:172:5: Error: Expected ';' but got '}'

    }

    ^



[ERROR] Analysis failed: Invalid compilation: 
Invalid solc compilation, none of the solc versions provided worked:
0.5.11: Invalid solc compilation D:/code/icfg/datasets/All_contract_DB1/Governor_1.sol:172:5: Error: Expected ';' but got '}'

    }

    ^"
db1_0363_governor_3,Governor_3.sol,133e2a5b4b09b5ca80b7d123074164349685e426,db1_0361_governor_1,,compile_failed,2.783640700043179,,,,,False,0.9150930605828762,datasets\All_contract_DB1\Governor_3.sol,,"======================================================================
  Reentrancy Guardian - Semantic ICFG Reentrancy Detector
======================================================================
[0.0%] Phase 1: Parsing: 0/4
[-] Failed to load project: Invalid compilation: 
Invalid solc compilation, none of the solc versions provided worked:
0.5.11: Invalid solc compilation D:/code/icfg/datasets/All_contract_DB1/Governor_1.sol:172:5: Error: Expected ';' but got '}'

    }

    ^


[ERROR] Analysis failed: Invalid compilation: 
Invalid solc compilation, none of the solc versions provided worked:
0.5.11: Invalid solc compilation D:/code/icfg/datasets/All_contract_DB1/Governor_1.sol:172:5: Error: Expected ';' but got '}'

    }

    ^



[ERROR] Analysis failed: Invalid compilation: 
Invalid solc compilation, none of the solc versions provided worked:
0.5.11: Invalid solc compilation D:/code/icfg/datasets/All_contract_DB1/Governor_1.sol:172:5: Error: Expected ';' but got '}'

    }

    ^"
db1_0364_governor_4,Governor_4.sol,133e2a5b4b09b5ca80b7d123074164349685e426,db1_0361_governor_1,,compile_failed,2.783640700043179,,,,,False,0.9124426990747452,datasets\All_contract_DB1\Governor_4.sol,,"======================================================================
  Reentrancy Guardian - Semantic ICFG Reentrancy Detector
======================================================================
[0.0%] Phase 1: Parsing: 0/4
[-] Failed to load project: Invalid compilation: 
Invalid solc compilation, none of the solc versions provided worked:
0.5.11: Invalid solc compilation D:/code/icfg/datasets/All_contract_DB1/Governor_1.sol:172:5: Error: Expected ';' but got '}'

    }

    ^


[ERROR] Analysis failed: Invalid compilation: 
Invalid solc compilation, none of the solc versions provided worked:
0.5.11: Invalid solc compilation D:/code/icfg/datasets/All_contract_DB1/Governor_1.sol:172:5: Error: Expected ';' but got '}'

    }

    ^



[ERROR] Analysis failed: Invalid compilation: 
Invalid solc compilation, none of the solc versions provided worked:
0.5.11: Invalid solc compilation D:/code/icfg/datasets/All_contract_DB1/Governor_1.sol:172:5: Error: Expected ';' but got '}'

    }

    ^"
db1_0365_governoralpha_1,GovernorAlpha_1.sol,c8982ec2955401a5d3980cf6e5cb978aa2074788,,1,ok,1.9950440999818966,18,18,0,0,True,103.89105989784002,datasets\All_contract_DB1\GovernorAlpha_1.sol,results\all_contract_db1_reentrancy\reports\db1_0365_governoralpha_1,
db1_0366_hegicoperationaltreasury_1,HegicOperationalTreasury_1.sol,2ddc76727f9cada470f00e980a6e20b417657ef2,,,compile_failed,6.222623600042425,,,,,False,0.997954772785306,datasets\All_contract_DB1\HegicOperationalTreasury_1.sol,,"======================================================================
  Reentrancy Guardian - Semantic ICFG Reentrancy Detector
======================================================================
[0.0%] Phase 1: Parsing: 0/4
[-] Failed to load project: Invalid compilation: 
Invalid solc compilation, none of the solc versions provided worked:
0.8.30: Invalid solc compilation Error: Definition of base has to precede definition of derived contract

  --> datasets/All_contract_DB1/HegicOperationalTreasury_1.sol:37:30:

   |

37 | interface IERC721Metadata is IERC721 {

   |                              ^^^^^^^




[ERROR] Analysis failed: Invalid compilation: 
Invalid solc compilation, none of the solc versions provided worked:
0.8.30: Invalid solc compilation Error: Definition of base has to precede definition of derived contract

  --> datasets/All_contract_DB1/HegicOperationalTreasury_1.sol:37:30:

   |

37 | interface IERC721Metadata is IERC721 {

   |                              ^^^^^^^





[ERROR] Analysis failed: Invalid compilation: 
Invalid solc compilation, none of the solc versions provided worked:
0.8.30: Invalid solc compilation Error: Definition of base has to precede definition of derived contract

  --> datasets/All_contract_DB1/HegicOperationalTreasury_1.sol:37:30:

   |

37 | interface IERC721Metadata is IERC721 {

   |                              ^^^^^^^"
db1_0367_history_1,History_1.sol,090c7f0bd2f8d4c244e8bbc06c7013b5fc626883,,0,ok,1.9218395999632776,0,0,0,0,False,1.3376027289777994,datasets\All_contract_DB1\History_1.sol,,
db1_0368_history_2,History_2.sol,090c7f0bd2f8d4c244e8bbc06c7013b5fc626883,db1_0367_history_1,0,ok,1.9218395999632776,0,0,0,0,False,1.2720519416034222,datasets\All_contract_DB1\History_2.sol,,
db1_0369_history_3,History_3.sol,090c7f0bd2f8d4c244e8bbc06c7013b5fc626883,db1_0367_history_1,0,ok,1.9218395999632776,0,0,0,0,False,1.3138949926942587,datasets\All_contract_DB1\History_3.sol,,
db1_0370_history_4,History_4.sol,090c7f0bd2f8d4c244e8bbc06c7013b5fc626883,db1_0367_history_1,0,ok,1.9218395999632776,0,0,0,0,False,1.277477027848363,datasets\All_contract_DB1\History_4.sol,,
db1_0371_holdefi_1,Holdefi_1.sol,f2217630478f2495e6e939506eeb1e9eba924730,,,compile_failed,3.496574299992062,,,,,False,0.9979402497410774,datasets\All_contract_DB1\Holdefi_1.sol,,"======================================================================
  Reentrancy Guardian - Semantic ICFG Reentrancy Detector
======================================================================
[0.0%] Phase 1: Parsing: 0/4
[-] Failed to load project: Invalid compilation: 
Invalid solc compilation, none of the solc versions provided worked:
0.5.17: Invalid solc compilation D:/code/icfg/datasets/All_contract_DB1/Holdefi_1.sol:3:1: Error: Source file requires different compiler version (current compiler is 0.5.17+commit.d19bba13.Windows.msvc - note that nightly builds are considered to be strictly less than the released version

pragma solidity >=0.6.0 <0.8.0;

^-----------------------------^


[ERROR] Analysis failed: Invalid compilation: 
Invalid solc compilation, none of the solc versions provided worked:
0.5.17: Invalid solc compilation D:/code/icfg/datasets/All_contract_DB1/Holdefi_1.sol:3:1: Error: Source file requires different compiler version (current compiler is 0.5.17+commit.d19bba13.Windows.msvc - note that nightly builds are considered to be strictly less than the released version

pragma solidity >=0.6.0 <0.8.0;

^-----------------------------^



[ERROR] Analysis failed: Invalid compilation: 
Invalid solc compilation, none of the solc versions provided worked:
0.5.17: Invalid solc compilation D:/code/icfg/datasets/All_contract_DB1/Holdefi_1.sol:3:1: Error: Source file requires different compiler version (current compiler is 0.5.17+commit.d19bba13.Windows.msvc - note that nightly builds are considered to be strictly less than the released version

pragma solidity >=0.6.0 <0.8.0;

^-----------------------------^"
db1_0372_holdefisettings_1,HoldefiSettings_1.sol,9ed193915f3ee6b7f0eb07ee8145d71076412355,,1,ok,2.6363224000670016,10,5,0,5,False,76.8286497015506,datasets\All_contract_DB1\HoldefiSettings_1.sol,results\all_contract_db1_reentrancy\reports\db1_0372_holdefisettings_1,
db1_0373_homebridgenativetoerc_1,HomeBridgeNativeToErc_1.sol,7a6b199bc7a0ddbd988f68687aa1875b0a482652,,0,ok,2.6548076000763103,0,0,0,0,False,1.9932769257575274,datasets\All_contract_DB1\HomeBridgeNativeToErc_1.sol,,
db1_0374_hypervisor_1,Hypervisor_1.sol,359de66dcbc1c91a1041709fb8954199525fe90f,,,timeout,240.01870920008514,,,,,,,datasets\All_contract_DB1\Hypervisor_1.sol,,Process timeout after 240s
db1_0375_hypervisor_2,Hypervisor_2.sol,359de66dcbc1c91a1041709fb8954199525fe90f,db1_0374_hypervisor_1,,timeout,240.01870920008514,,,,,,,datasets\All_contract_DB1\Hypervisor_2.sol,,Process timeout after 240s
db1_0376_hypervisor_3,Hypervisor_3.sol,359de66dcbc1c91a1041709fb8954199525fe90f,db1_0374_hypervisor_1,,timeout,240.01870920008514,,,,,,,datasets\All_contract_DB1\Hypervisor_3.sol,,Process timeout after 240s
db1_0377_hypervisor_4,Hypervisor_4.sol,359de66dcbc1c91a1041709fb8954199525fe90f,db1_0374_hypervisor_1,,timeout,240.01870920008514,,,,,,,datasets\All_contract_DB1\Hypervisor_4.sol,,Process timeout after 240s
db1_0378_hypervisor_5,Hypervisor_5.sol,359de66dcbc1c91a1041709fb8954199525fe90f,db1_0374_hypervisor_1,,timeout,240.01870920008514,,,,,,,datasets\All_contract_DB1\Hypervisor_5.sol,,Process timeout after 240s
db1_0379_hypervisor_6,Hypervisor_6.sol,359de66dcbc1c91a1041709fb8954199525fe90f,db1_0374_hypervisor_1,,timeout,240.01870920008514,,,,,,,datasets\All_contract_DB1\Hypervisor_6.sol,,Process timeout after 240s
db1_0380_initializablegovernable_1,InitializableGovernable_1.sol,fdc59411f4d99a233ae8a9db5923a8b2ee3a0bba,,,compile_failed,2.9789645000128075,,,,,False,0.9169472567737103,datasets\All_contract_DB1\InitializableGovernable_1.sol,,"======================================================================
  Reentrancy Guardian - Semantic ICFG Reentrancy Detector
======================================================================
[0.0%] Phase 1: Parsing: 0/4
[-] Failed to load project: Invalid compilation: 
Invalid solc compilation, none of the solc versions provided worked:
0.5.11: Invalid solc compilation D:/code/icfg/datasets/All_contract_DB1/InitializableGovernable_1.sol:7:1: Error: Source ""@openzeppelin/upgrades/contracts/Initializable.sol"" not found: File not found.

import {

^ (Relevant source part starts here and spans across multiple lines).

D:/code/icfg/datasets/All_contract_DB1/InitializableGovernable_1.sol:11:1: Error: Source ""D:/code/icfg/datasets/All_contract_DB1/Governable.sol"" not found: File not found.

import { Governable } from ""./Governable.sol"";

^--------------------------------------------^


[ERROR] Analysis failed: Invalid compilation: 
Invalid solc compilation, none of the solc versions provided worked:
0.5.11: Invalid solc compilation D:/code/icfg/datasets/All_contract_DB1/InitializableGovernable_1.sol:7:1: Error: Source ""@openzeppelin/upgrades/contracts/Initializable.sol"" not found: File not found.

import {

^ (Relevant source part starts here and spans across multiple lines).

D:/code/icfg/datasets/All_contract_DB1/InitializableGovernable_1.sol:11:1: Error: Source ""D:/code/icfg/datasets/All_contract_DB1/Governable.sol"" not found: File not found.

import { Governable } from ""./Governable.sol"";

^--------------------------------------------^



[ERROR] Analysis failed: Invalid compilation: 
Invalid solc compilation, none of the solc versions provided worked:
0.5.11: Invalid solc compilation D:/code/icfg/datasets/All_contract_DB1/InitializableGovernable_1.sol:7:1: Error: Source ""@openzeppelin/upgrades/contracts/Initializable.sol"" not found: File not found.

import {

^ (Relevant source part starts here and spans across multiple lines).

D:/code/icfg/da
...[truncated]"
db1_0381_initializablegovernable_2,InitializableGovernable_2.sol,fdc59411f4d99a233ae8a9db5923a8b2ee3a0bba,db1_0380_initializablegovernable_1,,compile_failed,2.9789645000128075,,,,,False,0.8925491757690907,datasets\All_contract_DB1\InitializableGovernable_2.sol,,"======================================================================
  Reentrancy Guardian - Semantic ICFG Reentrancy Detector
======================================================================
[0.0%] Phase 1: Parsing: 0/4
[-] Failed to load project: Invalid compilation: 
Invalid solc compilation, none of the solc versions provided worked:
0.5.11: Invalid solc compilation D:/code/icfg/datasets/All_contract_DB1/InitializableGovernable_1.sol:7:1: Error: Source ""@openzeppelin/upgrades/contracts/Initializable.sol"" not found: File not found.

import {

^ (Relevant source part starts here and spans across multiple lines).

D:/code/icfg/datasets/All_contract_DB1/InitializableGovernable_1.sol:11:1: Error: Source ""D:/code/icfg/datasets/All_contract_DB1/Governable.sol"" not found: File not found.

import { Governable } from ""./Governable.sol"";

^--------------------------------------------^


[ERROR] Analysis failed: Invalid compilation: 
Invalid solc compilation, none of the solc versions provided worked:
0.5.11: Invalid solc compilation D:/code/icfg/datasets/All_contract_DB1/InitializableGovernable_1.sol:7:1: Error: Source ""@openzeppelin/upgrades/contracts/Initializable.sol"" not found: File not found.

import {

^ (Relevant source part starts here and spans across multiple lines).

D:/code/icfg/datasets/All_contract_DB1/InitializableGovernable_1.sol:11:1: Error: Source ""D:/code/icfg/datasets/All_contract_DB1/Governable.sol"" not found: File not found.

import { Governable } from ""./Governable.sol"";

^--------------------------------------------^



[ERROR] Analysis failed: Invalid compilation: 
Invalid solc compilation, none of the solc versions provided worked:
0.5.11: Invalid solc compilation D:/code/icfg/datasets/All_contract_DB1/InitializableGovernable_1.sol:7:1: Error: Source ""@openzeppelin/upgrades/contracts/Initializable.sol"" not found: File not found.

import {

^ (Relevant source part starts here and spans across multiple lines).

D:/code/icfg/da
...[truncated]"
db1_0382_initializablegovernable_3,InitializableGovernable_3.sol,fdc59411f4d99a233ae8a9db5923a8b2ee3a0bba,db1_0380_initializablegovernable_1,,compile_failed,2.9789645000128075,,,,,False,0.9053375124931335,datasets\All_contract_DB1\InitializableGovernable_3.sol,,"======================================================================
  Reentrancy Guardian - Semantic ICFG Reentrancy Detector
======================================================================
[0.0%] Phase 1: Parsing: 0/4
[-] Failed to load project: Invalid compilation: 
Invalid solc compilation, none of the solc versions provided worked:
0.5.11: Invalid solc compilation D:/code/icfg/datasets/All_contract_DB1/InitializableGovernable_1.sol:7:1: Error: Source ""@openzeppelin/upgrades/contracts/Initializable.sol"" not found: File not found.

import {

^ (Relevant source part starts here and spans across multiple lines).

D:/code/icfg/datasets/All_contract_DB1/InitializableGovernable_1.sol:11:1: Error: Source ""D:/code/icfg/datasets/All_contract_DB1/Governable.sol"" not found: File not found.

import { Governable } from ""./Governable.sol"";

^--------------------------------------------^


[ERROR] Analysis failed: Invalid compilation: 
Invalid solc compilation, none of the solc versions provided worked:
0.5.11: Invalid solc compilation D:/code/icfg/datasets/All_contract_DB1/InitializableGovernable_1.sol:7:1: Error: Source ""@openzeppelin/upgrades/contracts/Initializable.sol"" not found: File not found.

import {

^ (Relevant source part starts here and spans across multiple lines).

D:/code/icfg/datasets/All_contract_DB1/InitializableGovernable_1.sol:11:1: Error: Source ""D:/code/icfg/datasets/All_contract_DB1/Governable.sol"" not found: File not found.

import { Governable } from ""./Governable.sol"";

^--------------------------------------------^



[ERROR] Analysis failed: Invalid compilation: 
Invalid solc compilation, none of the solc versions provided worked:
0.5.11: Invalid solc compilation D:/code/icfg/datasets/All_contract_DB1/InitializableGovernable_1.sol:7:1: Error: Source ""@openzeppelin/upgrades/contracts/Initializable.sol"" not found: File not found.

import {

^ (Relevant source part starts here and spans across multiple lines).

D:/code/icfg/da
...[truncated]"
db1_0383_interactivecrowdsalelib_1,InteractiveCrowdsaleLib_1.sol,8e291655daf4b39cb583ef06c28431abbf53fd9e,,0,ok,3.3764531000051647,0,0,0,0,,,datasets\All_contract_DB1\InteractiveCrowdsaleLib_1.sol,,
db1_0384_interactivecrowdsalelib_2,InteractiveCrowdsaleLib_2.sol,8e291655daf4b39cb583ef06c28431abbf53fd9e,db1_0383_interactivecrowdsalelib_1,0,ok,3.3764531000051647,0,0,0,0,,,datasets\All_contract_DB1\InteractiveCrowdsaleLib_2.sol,,
db1_0385_interactivecrowdsalelib_3,InteractiveCrowdsaleLib_3.sol,8e291655daf4b39cb583ef06c28431abbf53fd9e,db1_0383_interactivecrowdsalelib_1,0,ok,3.3764531000051647,0,0,0,0,,,datasets\All_contract_DB1\InteractiveCrowdsaleLib_3.sol,,
db1_0386_interactivecrowdsaletestcontract_1,InteractiveCrowdsaleTestContract_1.sol,90b630ca85d1acc9e9d9400f17a298d248915755,,0,ok,3.5733666999731213,0,0,0,0,,,datasets\All_contract_DB1\InteractiveCrowdsaleTestContract_1.sol,,
db1_0387_investoramo_v2_1,InvestorAMO_V2_1.sol,25dc769bdd011463d457556c9f4446719c2f92d9,,,timeout,240.03027889993973,,,,,,,datasets\All_contract_DB1\InvestorAMO_V2_1.sol,,Process timeout after 240s
db1_0388_iuniswapv2router01_1,IUniswapV2Router01_1.sol,9b01bf106f19831253b99ce31c97b1cb225c3518,,0,ok,1.8830275000073016,0,0,0,0,False,0.9700387306511402,datasets\All_contract_DB1\IUniswapV2Router01_1.sol,,
db1_0389_joinsplit_1,JoinSplit_1.sol,810eac2b58b9802934268f61111b038bf0c780ca,,0,ok,1.6610891999443993,0,0,0,0,False,12.350536258891225,datasets\All_contract_DB1\JoinSplit_1.sol,,
db1_0390_kickico_token_v1_1,kickico_token_v1_1.sol,9d425279a1e241b8cff50a7d6b92cdfa11aae5b0,,0,ok,2.236690799938515,0,0,0,0,False,8.460109168663621,datasets\All_contract_DB1\kickico_token_v1_1.sol,,
db1_0391_kickico_token_v1_2,kickico_token_v1_2.sol,9d425279a1e241b8cff50a7d6b92cdfa11aae5b0,db1_0390_kickico_token_v1_1,0,ok,2.236690799938515,0,0,0,0,False,8.478992210701108,datasets\All_contract_DB1\kickico_token_v1_2.sol,,
db1_0392_kyberwrapperv3_1,KyberWrapperV3_1.sol,27344e0ef5bc35c043a8d5e506204f863a175d00,,0,ok,1.820013799937442,0,0,0,0,True,3.5249870158731937,datasets\All_contract_DB1\KyberWrapperV3_1.sol,,
db1_0393_lendingpair_1,LendingPair_1.sol,27ed0383960e424d7874596bd650675e704a2bee,,1,ok,89.80095269996673,279,276,0,3,True,208.85390974394977,datasets\All_contract_DB1\LendingPair_1.sol,results\all_contract_db1_reentrancy\reports\db1_0393_lendingpair_1,
db1_0394_lendingpair_2,LendingPair_2.sol,27ed0383960e424d7874596bd650675e704a2bee,db1_0393_lendingpair_1,1,ok,89.80095269996673,279,276,0,3,,,datasets\All_contract_DB1\LendingPair_2.sol,results\all_contract_db1_reentrancy\reports\db1_0393_lendingpair_1,
db1_0395_lendingpair_3,LendingPair_3.sol,27ed0383960e424d7874596bd650675e704a2bee,db1_0393_lendingpair_1,1,ok,89.80095269996673,279,276,0,3,,,datasets\All_contract_DB1\LendingPair_3.sol,results\all_contract_db1_reentrancy\reports\db1_0393_lendingpair_1,
db1_0396_libmath_1,LibMath_1.sol,c787e7fbd193269810c720e3f66ad846fb2d58ea,,0,ok,1.9940816999878734,0,0,0,0,False,1.2738775070756674,datasets\All_contract_DB1\LibMath_1.sol,,
db1_0397_libmath_10,LibMath_10.sol,c787e7fbd193269810c720e3f66ad846fb2d58ea,db1_0396_libmath_1,0,ok,1.9940816999878734,0,0,0,0,False,1.2878170534968376,datasets\All_contract_DB1\LibMath_10.sol,,
db1_0398_libmath_11,LibMath_11.sol,c787e7fbd193269810c720e3f66ad846fb2d58ea,db1_0396_libmath_1,0,ok,1.9940816999878734,0,0,0,0,False,1.2739743832498789,datasets\All_contract_DB1\LibMath_11.sol,,
db1_0399_libmath_2,LibMath_2.sol,c787e7fbd193269810c720e3f66ad846fb2d58ea,db1_0396_libmath_1,0,ok,1.9940816999878734,0,0,0,0,False,1.2672300972044468,datasets\All_contract_DB1\LibMath_2.sol,,
db1_0400_libmath_3,LibMath_3.sol,c787e7fbd193269810c720e3f66ad846fb2d58ea,db1_0396_libmath_1,0,ok,1.9940816999878734,0,0,0,0,False,1.2925240099430084,datasets\All_contract_DB1\LibMath_3.sol,,
db1_0401_libmath_4,LibMath_4.sol,c787e7fbd193269810c720e3f66ad846fb2d58ea,db1_0396_libmath_1,0,ok,1.9940816999878734,0,0,0,0,False,1.2674309015274048,datasets\All_contract_DB1\LibMath_4.sol,,
db1_0402_libmath_5,LibMath_5.sol,c787e7fbd193269810c720e3f66ad846fb2d58ea,db1_0396_libmath_1,0,ok,1.9940816999878734,0,0,0,0,False,1.2869970090687275,datasets\All_contract_DB1\LibMath_5.sol,,
db1_0403_libmath_6,LibMath_6.sol,c787e7fbd193269810c720e3f66ad846fb2d58ea,db1_0396_libmath_1,0,ok,1.9940816999878734,0,0,0,0,False,1.2784321755170822,datasets\All_contract_DB1\LibMath_6.sol,,
db1_0404_libmath_7,LibMath_7.sol,c787e7fbd193269810c720e3f66ad846fb2d58ea,db1_0396_libmath_1,0,ok,1.9940816999878734,0,0,0,0,False,1.2757326047867537,datasets\All_contract_DB1\LibMath_7.sol,,
db1_0405_libmath_8,LibMath_8.sol,c787e7fbd193269810c720e3f66ad846fb2d58ea,db1_0396_libmath_1,0,ok,1.9940816999878734,0,0,0,0,False,1.2695544958114624,datasets\All_contract_DB1\LibMath_8.sol,,
db1_0406_libmath_9,LibMath_9.sol,c787e7fbd193269810c720e3f66ad846fb2d58ea,db1_0396_libmath_1,0,ok,1.9940816999878734,0,0,0,0,False,1.27603417634964,datasets\All_contract_DB1\LibMath_9.sol,,
db1_0407_licence_1,licence_1.sol,5f39782d8d7099d31c36f89519c5939dd83953f2,,0,ok,1.9090740999672562,0,0,0,0,False,1.9453832693397999,datasets\All_contract_DB1\licence_1.sol,,
db1_0408_lifidiamond_1,LiFiDiamond_1.sol,513b133d2db4d1c1019bb55e81629ec549d16268,,0,ok,1.7114047000650316,0,0,0,0,False,123.81825285032392,datasets\All_contract_DB1\LiFiDiamond_1.sol,,
db1_0409_liquidator_1,Liquidator_1.sol,64aeda9180c74a0ccef9926630c62d3e3f57b271,,,timeout,240.0238785999827,,,,,False,184.19234685227275,datasets\All_contract_DB1\Liquidator_1.sol,,Process timeout after 240s
db1_0410_liquiditystaking_1,LiquidityStaking_1.sol,59fbf93968fae289a36367d42261390a07028020,,1,ok,2.48800570005551,3,3,0,0,False,1.3645557556301355,datasets\All_contract_DB1\LiquidityStaking_1.sol,results\all_contract_db1_reentrancy\reports\db1_0410_liquiditystaking_1,
db1_0411_livepeer_1,Livepeer_1.sol,715e9696f0285151d30aae1cccc2923770c66a28,,,compile_failed,7.168284100014716,,,,,False,1.0413872245699167,datasets\All_contract_DB1\Livepeer_1.sol,,"======================================================================
  Reentrancy Guardian - Semantic ICFG Reentrancy Detector
======================================================================
[0.0%] Phase 1: Parsing: 0/4
[-] Failed to load project: Invalid compilation: 
Invalid solc compilation, none of the solc versions provided worked:
0.8.30: Invalid solc compilation Error: Identifier already declared.

    --> datasets/All_contract_DB1/Livepeer_1.sol:2633:1:

     |

2633 | abstract contract Initializable {

     | ^ (Relevant source part starts here and spans across multiple lines).

Note: The previous declaration is here:

    --> datasets/All_contract_DB1/Livepeer_1.sol:1105:1:

     |

1105 | abstract contract Initializable {

     | ^ (Relevant source part starts here and spans across multiple lines).



Warning: This declaration has the same name as another declaration.

    --> datasets/All_contract_DB1/Livepeer_1.sol:4141:9:

     |

4141 |         uint256 stake = _newStake + currentBal - pendingFees - pendingLiquidityFees;

     |         ^^^^^^^^^^^^^

Note: The other declaration is here:

    --> datasets/All_contract_DB1/Livepeer_1.sol:4021:5:

     |

4021 |     function stake(address _account, uint256 _amount) external override onlyGov {

     |     ^ (Relevant source part starts here and spans across multiple lines).




[ERROR] Analysis failed: Invalid compilation: 
Invalid solc compilation, none of the solc versions provided worked:
0.8.30: Invalid solc compilation Error: Identifier already declared.

    --> datasets/All_contract_DB1/Livepeer_1.sol:2633:1:

     |

2633 | abstract contract Initializable {

     | ^ (Relevant source part starts here and spans across multiple lines).

Note: The previous declaration is here:

    --> datasets/All_contract_DB1/Livepeer_1.sol:1105:1:

     |

1105 | abstract contract Initializable {

     | ^ (Relevant source part starts here and spans across multiple lines).



Warning: This 
...[truncated]"
db1_0412_livepeer_2,Livepeer_2.sol,715e9696f0285151d30aae1cccc2923770c66a28,db1_0411_livepeer_1,,compile_failed,7.168284100014716,,,,,False,1.0374399218708277,datasets\All_contract_DB1\Livepeer_2.sol,,"======================================================================
  Reentrancy Guardian - Semantic ICFG Reentrancy Detector
======================================================================
[0.0%] Phase 1: Parsing: 0/4
[-] Failed to load project: Invalid compilation: 
Invalid solc compilation, none of the solc versions provided worked:
0.8.30: Invalid solc compilation Error: Identifier already declared.

    --> datasets/All_contract_DB1/Livepeer_1.sol:2633:1:

     |

2633 | abstract contract Initializable {

     | ^ (Relevant source part starts here and spans across multiple lines).

Note: The previous declaration is here:

    --> datasets/All_contract_DB1/Livepeer_1.sol:1105:1:

     |

1105 | abstract contract Initializable {

     | ^ (Relevant source part starts here and spans across multiple lines).



Warning: This declaration has the same name as another declaration.

    --> datasets/All_contract_DB1/Livepeer_1.sol:4141:9:

     |

4141 |         uint256 stake = _newStake + currentBal - pendingFees - pendingLiquidityFees;

     |         ^^^^^^^^^^^^^

Note: The other declaration is here:

    --> datasets/All_contract_DB1/Livepeer_1.sol:4021:5:

     |

4021 |     function stake(address _account, uint256 _amount) external override onlyGov {

     |     ^ (Relevant source part starts here and spans across multiple lines).




[ERROR] Analysis failed: Invalid compilation: 
Invalid solc compilation, none of the solc versions provided worked:
0.8.30: Invalid solc compilation Error: Identifier already declared.

    --> datasets/All_contract_DB1/Livepeer_1.sol:2633:1:

     |

2633 | abstract contract Initializable {

     | ^ (Relevant source part starts here and spans across multiple lines).

Note: The previous declaration is here:

    --> datasets/All_contract_DB1/Livepeer_1.sol:1105:1:

     |

1105 | abstract contract Initializable {

     | ^ (Relevant source part starts here and spans across multiple lines).



Warning: This 
...[truncated]"
db1_0413_lockup_1,Lockup_1.sol,ca543914f9431ab0be26391384d369b26af98f8e,,0,ok,1.5265907999128103,0,0,0,0,False,1.9969340078532696,datasets\All_contract_DB1\Lockup_1.sol,,
db1_0414_lootbox_1,LootBox_1.sol,f6146e68c9c017792467d5126935f2e28ff11c65,,1,ok,1.7575995000079274,2,2,0,0,False,4.203383587300777,datasets\All_contract_DB1\LootBox_1.sol,results\all_contract_db1_reentrancy\reports\db1_0414_lootbox_1,
db1_0415_lpool_1,LPool_1.sol,769386c0504f4a07787babf0fd7d6ed1c03f2231,,,timeout,240.02796529990155,,,,,False,74.2649410776794,datasets\All_contract_DB1\LPool_1.sol,,Process timeout after 240s
db1_0416_luckytoken_1,LuckyToken_1.sol,a0305de6cfeb98f04fae70a71e7b2ca9642f148c,,,timeout,240.0319385000039,,,,,False,21.670920653268695,datasets\All_contract_DB1\LuckyToken_1.sol,,Process timeout after 240s
db1_0417_luckytoken_10,LuckyToken_10.sol,a0305de6cfeb98f04fae70a71e7b2ca9642f148c,db1_0416_luckytoken_1,,timeout,240.0319385000039,,,,,False,16.509691428393126,datasets\All_contract_DB1\LuckyToken_10.sol,,Process timeout after 240s
db1_0418_luckytoken_2,LuckyToken_2.sol,a0305de6cfeb98f04fae70a71e7b2ca9642f148c,db1_0416_luckytoken_1,,timeout,240.0319385000039,,,,,False,19.52932021021843,datasets\All_contract_DB1\LuckyToken_2.sol,,Process timeout after 240s
db1_0419_luckytoken_3,LuckyToken_3.sol,a0305de6cfeb98f04fae70a71e7b2ca9642f148c,db1_0416_luckytoken_1,,timeout,240.0319385000039,,,,,False,21.361275013536215,datasets\All_contract_DB1\LuckyToken_3.sol,,Process timeout after 240s
db1_0420_luckytoken_4,LuckyToken_4.sol,a0305de6cfeb98f04fae70a71e7b2ca9642f148c,db1_0416_luckytoken_1,,timeout,240.0319385000039,,,,,False,16.139244671911,datasets\All_contract_DB1\LuckyToken_4.sol,,Process timeout after 240s
db1_0421_luckytoken_5,LuckyToken_5.sol,a0305de6cfeb98f04fae70a71e7b2ca9642f148c,db1_0416_luckytoken_1,,timeout,240.0319385000039,,,,,False,22.08174190670252,datasets\All_contract_DB1\LuckyToken_5.sol,,Process timeout after 240s
db1_0422_luckytoken_6,LuckyToken_6.sol,a0305de6cfeb98f04fae70a71e7b2ca9642f148c,db1_0416_luckytoken_1,,timeout,240.0319385000039,,,,,False,19.70443445071578,datasets\All_contract_DB1\LuckyToken_6.sol,,Process timeout after 240s
db1_0423_luckytoken_7,LuckyToken_7.sol,a0305de6cfeb98f04fae70a71e7b2ca9642f148c,db1_0416_luckytoken_1,,timeout,240.0319385000039,,,,,False,20.544164031744003,datasets\All_contract_DB1\LuckyToken_7.sol,,Process timeout after 240s
db1_0424_luckytoken_8,LuckyToken_8.sol,a0305de6cfeb98f04fae70a71e7b2ca9642f148c,db1_0416_luckytoken_1,,timeout,240.0319385000039,,,,,False,23.987677479162812,datasets\All_contract_DB1\LuckyToken_8.sol,,Process timeout after 240s
db1_0425_luckytoken_9,LuckyToken_9.sol,a0305de6cfeb98f04fae70a71e7b2ca9642f148c,db1_0416_luckytoken_1,,timeout,240.0319385000039,,,,,False,19.02562542632222,datasets\All_contract_DB1\LuckyToken_9.sol,,Process timeout after 240s
db1_0426_lusdtoken_1,LUSDToken_1.sol,32763c1f56fc2b25d82816525f90856d037b5d60,,0,ok,115.2992725999793,0,0,0,0,False,42.943249540403485,datasets\All_contract_DB1\LUSDToken_1.sol,,
db1_0427_lusdtoken_2,LUSDToken_2.sol,32763c1f56fc2b25d82816525f90856d037b5d60,db1_0426_lusdtoken_1,0,ok,115.2992725999793,0,0,0,0,False,46.30759051442146,datasets\All_contract_DB1\LUSDToken_2.sol,,
db1_0428_lusdtoken_3,LUSDToken_3.sol,32763c1f56fc2b25d82816525f90856d037b5d60,db1_0426_lusdtoken_1,0,ok,115.2992725999793,0,0,0,0,False,43.143507393077016,datasets\All_contract_DB1\LUSDToken_3.sol,,
db1_0429_margincalculator_1,MarginCalculator_1.sol,7b0e34068e3d633b06f125e5da56018a08c6b6f0,,,compile_failed,4.4472205999773,,,,,False,0.9307580441236496,datasets\All_contract_DB1\MarginCalculator_1.sol,,"======================================================================
  Reentrancy Guardian - Semantic ICFG Reentrancy Detector
======================================================================
[0.0%] Phase 1: Parsing: 0/4
[-] Failed to load project: Invalid compilation: 
Invalid solc compilation, none of the solc versions provided worked:
0.6.12: Invalid solc compilation Error: Identifier not found or not unique.

   --> D:/code/icfg/datasets/All_contract_DB1/MarginCalculator_1.sol:980:11:

    |

980 |     using FPI for FPI.FixedPointInt;

    |           ^^^




[ERROR] Analysis failed: Invalid compilation: 
Invalid solc compilation, none of the solc versions provided worked:
0.6.12: Invalid solc compilation Error: Identifier not found or not unique.

   --> D:/code/icfg/datasets/All_contract_DB1/MarginCalculator_1.sol:980:11:

    |

980 |     using FPI for FPI.FixedPointInt;

    |           ^^^





[ERROR] Analysis failed: Invalid compilation: 
Invalid solc compilation, none of the solc versions provided worked:
0.6.12: Invalid solc compilation Error: Identifier not found or not unique.

   --> D:/code/icfg/datasets/All_contract_DB1/MarginCalculator_1.sol:980:11:

    |

980 |     using FPI for FPI.FixedPointInt;

    |           ^^^"
db1_0430_margincalculator_2,MarginCalculator_2.sol,7b0e34068e3d633b06f125e5da56018a08c6b6f0,db1_0429_margincalculator_1,,compile_failed,4.4472205999773,,,,,False,0.9473580233752728,datasets\All_contract_DB1\MarginCalculator_2.sol,,"======================================================================
  Reentrancy Guardian - Semantic ICFG Reentrancy Detector
======================================================================
[0.0%] Phase 1: Parsing: 0/4
[-] Failed to load project: Invalid compilation: 
Invalid solc compilation, none of the solc versions provided worked:
0.6.12: Invalid solc compilation Error: Identifier not found or not unique.

   --> D:/code/icfg/datasets/All_contract_DB1/MarginCalculator_1.sol:980:11:

    |

980 |     using FPI for FPI.FixedPointInt;

    |           ^^^




[ERROR] Analysis failed: Invalid compilation: 
Invalid solc compilation, none of the solc versions provided worked:
0.6.12: Invalid solc compilation Error: Identifier not found or not unique.

   --> D:/code/icfg/datasets/All_contract_DB1/MarginCalculator_1.sol:980:11:

    |

980 |     using FPI for FPI.FixedPointInt;

    |           ^^^





[ERROR] Analysis failed: Invalid compilation: 
Invalid solc compilation, none of the solc versions provided worked:
0.6.12: Invalid solc compilation Error: Identifier not found or not unique.

   --> D:/code/icfg/datasets/All_contract_DB1/MarginCalculator_1.sol:980:11:

    |

980 |     using FPI for FPI.FixedPointInt;

    |           ^^^"
db1_0431_margincalculator_3,MarginCalculator_3.sol,7b0e34068e3d633b06f125e5da56018a08c6b6f0,db1_0429_margincalculator_1,,compile_failed,4.4472205999773,,,,,False,0.941039452329278,datasets\All_contract_DB1\MarginCalculator_3.sol,,"======================================================================
  Reentrancy Guardian - Semantic ICFG Reentrancy Detector
======================================================================
[0.0%] Phase 1: Parsing: 0/4
[-] Failed to load project: Invalid compilation: 
Invalid solc compilation, none of the solc versions provided worked:
0.6.12: Invalid solc compilation Error: Identifier not found or not unique.

   --> D:/code/icfg/datasets/All_contract_DB1/MarginCalculator_1.sol:980:11:

    |

980 |     using FPI for FPI.FixedPointInt;

    |           ^^^




[ERROR] Analysis failed: Invalid compilation: 
Invalid solc compilation, none of the solc versions provided worked:
0.6.12: Invalid solc compilation Error: Identifier not found or not unique.

   --> D:/code/icfg/datasets/All_contract_DB1/MarginCalculator_1.sol:980:11:

    |

980 |     using FPI for FPI.FixedPointInt;

    |           ^^^





[ERROR] Analysis failed: Invalid compilation: 
Invalid solc compilation, none of the solc versions provided worked:
0.6.12: Invalid solc compilation Error: Identifier not found or not unique.

   --> D:/code/icfg/datasets/All_contract_DB1/MarginCalculator_1.sol:980:11:

    |

980 |     using FPI for FPI.FixedPointInt;

    |           ^^^"
db1_0432_margincalculator_4,MarginCalculator_4.sol,7b0e34068e3d633b06f125e5da56018a08c6b6f0,db1_0429_margincalculator_1,,compile_failed,4.4472205999773,,,,,False,0.9261722415685654,datasets\All_contract_DB1\MarginCalculator_4.sol,,"======================================================================
  Reentrancy Guardian - Semantic ICFG Reentrancy Detector
======================================================================
[0.0%] Phase 1: Parsing: 0/4
[-] Failed to load project: Invalid compilation: 
Invalid solc compilation, none of the solc versions provided worked:
0.6.12: Invalid solc compilation Error: Identifier not found or not unique.

   --> D:/code/icfg/datasets/All_contract_DB1/MarginCalculator_1.sol:980:11:

    |

980 |     using FPI for FPI.FixedPointInt;

    |           ^^^




[ERROR] Analysis failed: Invalid compilation: 
Invalid solc compilation, none of the solc versions provided worked:
0.6.12: Invalid solc compilation Error: Identifier not found or not unique.

   --> D:/code/icfg/datasets/All_contract_DB1/MarginCalculator_1.sol:980:11:

    |

980 |     using FPI for FPI.FixedPointInt;

    |           ^^^





[ERROR] Analysis failed: Invalid compilation: 
Invalid solc compilation, none of the solc versions provided worked:
0.6.12: Invalid solc compilation Error: Identifier not found or not unique.

   --> D:/code/icfg/datasets/All_contract_DB1/MarginCalculator_1.sol:980:11:

    |

980 |     using FPI for FPI.FixedPointInt;

    |           ^^^"
db1_0433_margincalculator_5,MarginCalculator_5.sol,7b0e34068e3d633b06f125e5da56018a08c6b6f0,db1_0429_margincalculator_1,,compile_failed,4.4472205999773,,,,,False,0.9344333615154028,datasets\All_contract_DB1\MarginCalculator_5.sol,,"======================================================================
  Reentrancy Guardian - Semantic ICFG Reentrancy Detector
======================================================================
[0.0%] Phase 1: Parsing: 0/4
[-] Failed to load project: Invalid compilation: 
Invalid solc compilation, none of the solc versions provided worked:
0.6.12: Invalid solc compilation Error: Identifier not found or not unique.

   --> D:/code/icfg/datasets/All_contract_DB1/MarginCalculator_1.sol:980:11:

    |

980 |     using FPI for FPI.FixedPointInt;

    |           ^^^




[ERROR] Analysis failed: Invalid compilation: 
Invalid solc compilation, none of the solc versions provided worked:
0.6.12: Invalid solc compilation Error: Identifier not found or not unique.

   --> D:/code/icfg/datasets/All_contract_DB1/MarginCalculator_1.sol:980:11:

    |

980 |     using FPI for FPI.FixedPointInt;

    |           ^^^





[ERROR] Analysis failed: Invalid compilation: 
Invalid solc compilation, none of the solc versions provided worked:
0.6.12: Invalid solc compilation Error: Identifier not found or not unique.

   --> D:/code/icfg/datasets/All_contract_DB1/MarginCalculator_1.sol:980:11:

    |

980 |     using FPI for FPI.FixedPointInt;

    |           ^^^"
db1_0434_margincalculator_6,MarginCalculator_6.sol,7b0e34068e3d633b06f125e5da56018a08c6b6f0,db1_0429_margincalculator_1,,compile_failed,4.4472205999773,,,,,False,0.9342778604477644,datasets\All_contract_DB1\MarginCalculator_6.sol,,"======================================================================
  Reentrancy Guardian - Semantic ICFG Reentrancy Detector
======================================================================
[0.0%] Phase 1: Parsing: 0/4
[-] Failed to load project: Invalid compilation: 
Invalid solc compilation, none of the solc versions provided worked:
0.6.12: Invalid solc compilation Error: Identifier not found or not unique.

   --> D:/code/icfg/datasets/All_contract_DB1/MarginCalculator_1.sol:980:11:

    |

980 |     using FPI for FPI.FixedPointInt;

    |           ^^^




[ERROR] Analysis failed: Invalid compilation: 
Invalid solc compilation, none of the solc versions provided worked:
0.6.12: Invalid solc compilation Error: Identifier not found or not unique.

   --> D:/code/icfg/datasets/All_contract_DB1/MarginCalculator_1.sol:980:11:

    |

980 |     using FPI for FPI.FixedPointInt;

    |           ^^^





[ERROR] Analysis failed: Invalid compilation: 
Invalid solc compilation, none of the solc versions provided worked:
0.6.12: Invalid solc compilation Error: Identifier not found or not unique.

   --> D:/code/icfg/datasets/All_contract_DB1/MarginCalculator_1.sol:980:11:

    |

980 |     using FPI for FPI.FixedPointInt;

    |           ^^^"
db1_0435_market_1,Market_1.sol,c4cf5fb19bfb5e63a11ab7cc5c56c4400d0c1894,,,timeout,240.0260742000537,,,,,False,1.4839318413287401,datasets\All_contract_DB1\Market_1.sol,,Process timeout after 240s
db1_0436_masterchef_1,MasterChef_1.sol,a17ba78a7811a3dc9a6079e7df8c268d7f757073,,,compile_failed,2.964363700011745,,,,,False,0.9489102959632874,datasets\All_contract_DB1\MasterChef_1.sol,,"======================================================================
  Reentrancy Guardian - Semantic ICFG Reentrancy Detector
======================================================================
[0.0%] Phase 1: Parsing: 0/4
[-] Failed to load project: Invalid compilation: 
Invalid solc compilation, none of the solc versions provided worked:
0.6.12: Invalid solc compilation Warning: SPDX license identifier not provided in source file. Before publishing, consider adding a comment containing ""SPDX-License-Identifier: <SPDX-License>"" to each source file. Use ""SPDX-License-Identifier: UNLICENSED"" for non-open-source code. Please see https://spdx.org for more information.

--> D:/code/icfg/datasets/All_contract_DB1/MasterChef_1.sol



Error: No visibility specified. Did you intend to add ""public""?

   --> D:/code/icfg/datasets/All_contract_DB1/MasterChef_1.sol:702:5:

    |

702 |     constructor() {

    |     ^ (Relevant source part starts here and spans across multiple lines).



Error: No visibility specified. Did you intend to add ""public""?

   --> D:/code/icfg/datasets/All_contract_DB1/MasterChef_1.sol:783:5:

    |

783 |     constructor () {

    |     ^ (Relevant source part starts here and spans across multiple lines).



Warning: Documentation tag on non-public state variables will be disallowed in 0.7.0. You will need to use the @dev tag explicitly.

    --> D:/code/icfg/datasets/All_contract_DB1/MasterChef_1.sol:1150:5:

     |

1150 |     /// @notice A record of each accounts delegate

     |     ^^^^^^^^^^^^^^^^^^^^^^^^^^^^^^^^^^^^^^^^^^^^^^




[ERROR] Analysis failed: Invalid compilation: 
Invalid solc compilation, none of the solc versions provided worked:
0.6.12: Invalid solc compilation Warning: SPDX license identifier not provided in source file. Before publishing, consider adding a comment containing ""SPDX-License-Identifier: <SPDX-License>"" to each source file. Use ""SPDX-License-Identifier: UNLICENSED"" for non-open-source code. P
...[truncated]"
db1_0437_masterchefgoblinconfig_1,MasterChefGoblinConfig_1.sol,d40d3895f48357296f20d732062339e87af8dc72,,0,ok,2.309092600014992,0,0,0,0,False,0.9230484031140804,datasets\All_contract_DB1\MasterChefGoblinConfig_1.sol,,
db1_0438_mastershiba_1,MasterShiba_1.sol,e5a0da8e8715ba472da3fb42994f8406550afce6,,1,ok,11.662472700001672,18,8,0,10,True,7.232143295928836,datasets\All_contract_DB1\MasterShiba_1.sol,results\all_contract_db1_reentrancy\reports\db1_0438_mastershiba_1,
db1_0439_matic_1,Matic_1.sol,db6f47beddcbd11af5c884c0092a699b5f80adb3,,,compile_failed,6.5101480999728665,,,,,False,0.9928787760436535,datasets\All_contract_DB1\Matic_1.sol,,"======================================================================
  Reentrancy Guardian - Semantic ICFG Reentrancy Detector
======================================================================
[0.0%] Phase 1: Parsing: 0/4
[-] Failed to load project: Invalid compilation: 
Invalid solc compilation, none of the solc versions provided worked:
0.8.30: Invalid solc compilation Error: Identifier already declared.

    --> datasets/All_contract_DB1/Matic_1.sol:2548:1:

     |

2548 | abstract contract Initializable {

     | ^ (Relevant source part starts here and spans across multiple lines).

Note: The previous declaration is here:

    --> datasets/All_contract_DB1/Matic_1.sol:1105:1:

     |

1105 | abstract contract Initializable {

     | ^ (Relevant source part starts here and spans across multiple lines).



Warning: This declaration has the same name as another declaration.

    --> datasets/All_contract_DB1/Matic_1.sol:4056:9:

     |

4056 |         uint256 stake = _newStake + currentBal - pendingFees - pendingLiquidityFees;

     |         ^^^^^^^^^^^^^

Note: The other declaration is here:

    --> datasets/All_contract_DB1/Matic_1.sol:3936:5:

     |

3936 |     function stake(address _account, uint256 _amount) external override onlyGov {

     |     ^ (Relevant source part starts here and spans across multiple lines).




[ERROR] Analysis failed: Invalid compilation: 
Invalid solc compilation, none of the solc versions provided worked:
0.8.30: Invalid solc compilation Error: Identifier already declared.

    --> datasets/All_contract_DB1/Matic_1.sol:2548:1:

     |

2548 | abstract contract Initializable {

     | ^ (Relevant source part starts here and spans across multiple lines).

Note: The previous declaration is here:

    --> datasets/All_contract_DB1/Matic_1.sol:1105:1:

     |

1105 | abstract contract Initializable {

     | ^ (Relevant source part starts here and spans across multiple lines).



Warning: This declaration has th
...[truncated]"
db1_0440_matic_2,Matic_2.sol,db6f47beddcbd11af5c884c0092a699b5f80adb3,db1_0439_matic_1,,compile_failed,6.5101480999728665,,,,,False,0.9733938444405794,datasets\All_contract_DB1\Matic_2.sol,,"======================================================================
  Reentrancy Guardian - Semantic ICFG Reentrancy Detector
======================================================================
[0.0%] Phase 1: Parsing: 0/4
[-] Failed to load project: Invalid compilation: 
Invalid solc compilation, none of the solc versions provided worked:
0.8.30: Invalid solc compilation Error: Identifier already declared.

    --> datasets/All_contract_DB1/Matic_1.sol:2548:1:

     |

2548 | abstract contract Initializable {

     | ^ (Relevant source part starts here and spans across multiple lines).

Note: The previous declaration is here:

    --> datasets/All_contract_DB1/Matic_1.sol:1105:1:

     |

1105 | abstract contract Initializable {

     | ^ (Relevant source part starts here and spans across multiple lines).



Warning: This declaration has the same name as another declaration.

    --> datasets/All_contract_DB1/Matic_1.sol:4056:9:

     |

4056 |         uint256 stake = _newStake + currentBal - pendingFees - pendingLiquidityFees;

     |         ^^^^^^^^^^^^^

Note: The other declaration is here:

    --> datasets/All_contract_DB1/Matic_1.sol:3936:5:

     |

3936 |     function stake(address _account, uint256 _amount) external override onlyGov {

     |     ^ (Relevant source part starts here and spans across multiple lines).




[ERROR] Analysis failed: Invalid compilation: 
Invalid solc compilation, none of the solc versions provided worked:
0.8.30: Invalid solc compilation Error: Identifier already declared.

    --> datasets/All_contract_DB1/Matic_1.sol:2548:1:

     |

2548 | abstract contract Initializable {

     | ^ (Relevant source part starts here and spans across multiple lines).

Note: The previous declaration is here:

    --> datasets/All_contract_DB1/Matic_1.sol:1105:1:

     |

1105 | abstract contract Initializable {

     | ^ (Relevant source part starts here and spans across multiple lines).



Warning: This declaration has th
...[truncated]"
db1_0441_matic_3,Matic_3.sol,db6f47beddcbd11af5c884c0092a699b5f80adb3,db1_0439_matic_1,,compile_failed,6.5101480999728665,,,,,False,0.9685010462999344,datasets\All_contract_DB1\Matic_3.sol,,"======================================================================
  Reentrancy Guardian - Semantic ICFG Reentrancy Detector
======================================================================
[0.0%] Phase 1: Parsing: 0/4
[-] Failed to load project: Invalid compilation: 
Invalid solc compilation, none of the solc versions provided worked:
0.8.30: Invalid solc compilation Error: Identifier already declared.

    --> datasets/All_contract_DB1/Matic_1.sol:2548:1:

     |

2548 | abstract contract Initializable {

     | ^ (Relevant source part starts here and spans across multiple lines).

Note: The previous declaration is here:

    --> datasets/All_contract_DB1/Matic_1.sol:1105:1:

     |

1105 | abstract contract Initializable {

     | ^ (Relevant source part starts here and spans across multiple lines).



Warning: This declaration has the same name as another declaration.

    --> datasets/All_contract_DB1/Matic_1.sol:4056:9:

     |

4056 |         uint256 stake = _newStake + currentBal - pendingFees - pendingLiquidityFees;

     |         ^^^^^^^^^^^^^

Note: The other declaration is here:

    --> datasets/All_contract_DB1/Matic_1.sol:3936:5:

     |

3936 |     function stake(address _account, uint256 _amount) external override onlyGov {

     |     ^ (Relevant source part starts here and spans across multiple lines).




[ERROR] Analysis failed: Invalid compilation: 
Invalid solc compilation, none of the solc versions provided worked:
0.8.30: Invalid solc compilation Error: Identifier already declared.

    --> datasets/All_contract_DB1/Matic_1.sol:2548:1:

     |

2548 | abstract contract Initializable {

     | ^ (Relevant source part starts here and spans across multiple lines).

Note: The previous declaration is here:

    --> datasets/All_contract_DB1/Matic_1.sol:1105:1:

     |

1105 | abstract contract Initializable {

     | ^ (Relevant source part starts here and spans across multiple lines).



Warning: This declaration has th
...[truncated]"
db1_0442_merchantsubscription_1,MerchantSubscription_1.sol,37e99c2182068ddfd0c847926c8d9163a1664cc9,,0,ok,1.670771999983117,0,0,0,0,False,0.977401165291667,datasets\All_contract_DB1\MerchantSubscription_1.sol,,
db1_0443_migrations_1,Migrations_1.sol,ad0de5d2ae37e82a6a6742a278517bf231cbee69,,0,ok,1.7909028999274597,0,0,0,0,False,1.0820045322179794,datasets\All_contract_DB1\Migrations_1.sol,,
db1_0444_migrations_2,Migrations_2.sol,ad0de5d2ae37e82a6a6742a278517bf231cbee69,db1_0443_migrations_1,0,ok,1.7909028999274597,0,0,0,0,False,1.0927336551249027,datasets\All_contract_DB1\Migrations_2.sol,,
db1_0445_mixinassetproxydispatcher_1,MixinAssetProxyDispatcher_1.sol,73472b0bb942344f0d5e701c1533df3b4b4679d3,,0,ok,1.8459203999955207,0,0,0,0,False,1.2320606708526611,datasets\All_contract_DB1\MixinAssetProxyDispatcher_1.sol,,
db1_0446_mixinassetproxydispatcher_2,MixinAssetProxyDispatcher_2.sol,73472b0bb942344f0d5e701c1533df3b4b4679d3,db1_0445_mixinassetproxydispatcher_1,0,ok,1.8459203999955207,0,0,0,0,False,1.2268037348985672,datasets\All_contract_DB1\MixinAssetProxyDispatcher_2.sol,,
db1_0447_mixinsignaturevalidator_1,MixinSignatureValidator_1.sol,22e58d310c66f63480aae1bb535e43c07cef6083,,0,ok,2.0675600999966264,0,0,0,0,False,1.3562438450753689,datasets\All_contract_DB1\MixinSignatureValidator_1.sol,,
db1_0448_mixinsignaturevalidator_2,MixinSignatureValidator_2.sol,22e58d310c66f63480aae1bb535e43c07cef6083,db1_0447_mixinsignaturevalidator_1,0,ok,2.0675600999966264,0,0,0,0,False,1.3134151101112366,datasets\All_contract_DB1\MixinSignatureValidator_2.sol,,
db1_0449_mixoracle_1,MixOracle_1.sol,321d18e984bbee350c3fb10c49efccaa35ba671a,,,compile_failed,8.242278199992143,,,,,False,0.9145235568284988,datasets\All_contract_DB1\MixOracle_1.sol,,"======================================================================
  Reentrancy Guardian - Semantic ICFG Reentrancy Detector
======================================================================
[0.0%] Phase 1: Parsing: 0/4
[-] Failed to load project: Invalid compilation: 
Invalid solc compilation, none of the solc versions provided worked:
0.6.12: Invalid solc compilation Error: Expected pragma, import directive or contract/interface/library/struct/enum definition.

   --> D:/code/icfg/datasets/All_contract_DB1/MixOracle_1.sol:270:5:

    |

270 |     Initializable

    |     ^^^^^^^^^^^^^




[ERROR] Analysis failed: Invalid compilation: 
Invalid solc compilation, none of the solc versions provided worked:
0.6.12: Invalid solc compilation Error: Expected pragma, import directive or contract/interface/library/struct/enum definition.

   --> D:/code/icfg/datasets/All_contract_DB1/MixOracle_1.sol:270:5:

    |

270 |     Initializable

    |     ^^^^^^^^^^^^^





[ERROR] Analysis failed: Invalid compilation: 
Invalid solc compilation, none of the solc versions provided worked:
0.6.12: Invalid solc compilation Error: Expected pragma, import directive or contract/interface/library/struct/enum definition.

   --> D:/code/icfg/datasets/All_contract_DB1/MixOracle_1.sol:270:5:

    |

270 |     Initializable

    |     ^^^^^^^^^^^^^"
db1_0450_moloch_1,Moloch_1.sol,7d8ad5d9c02e69dc719d06d6f49b6dfa51acb543,,,timeout,240.02941570000257,,,,,,,datasets\All_contract_DB1\Moloch_1.sol,,Process timeout after 240s
db1_0451_moloch_2,Moloch_2.sol,7d8ad5d9c02e69dc719d06d6f49b6dfa51acb543,db1_0450_moloch_1,,timeout,240.02941570000257,,,,,,,datasets\All_contract_DB1\Moloch_2.sol,,Process timeout after 240s
db1_0452_moloch_3,Moloch_3.sol,7d8ad5d9c02e69dc719d06d6f49b6dfa51acb543,db1_0450_moloch_1,,timeout,240.02941570000257,,,,,,,datasets\All_contract_DB1\Moloch_3.sol,,Process timeout after 240s
db1_0453_moloch_4,Moloch_4.sol,7d8ad5d9c02e69dc719d06d6f49b6dfa51acb543,db1_0450_moloch_1,,timeout,240.02941570000257,,,,,,,datasets\All_contract_DB1\Moloch_4.sol,,Process timeout after 240s
db1_0454_moloch_5,Moloch_5.sol,7d8ad5d9c02e69dc719d06d6f49b6dfa51acb543,db1_0450_moloch_1,,timeout,240.02941570000257,,,,,,,datasets\All_contract_DB1\Moloch_5.sol,,Process timeout after 240s
db1_0455_moloch_6,Moloch_6.sol,7d8ad5d9c02e69dc719d06d6f49b6dfa51acb543,db1_0450_moloch_1,,timeout,240.02941570000257,,,,,,,datasets\All_contract_DB1\Moloch_6.sol,,Process timeout after 240s
db1_0456_multicall_1,MultiCall_1.sol,2178dd1ee41115f73d8a967ed10fced43199dbfc,,0,ok,1.3561400000471622,0,0,0,0,False,0.9511248767375946,datasets\All_contract_DB1\MultiCall_1.sol,,
db1_0457_multisigwallet_1,MultiSigWallet_1.sol,95882339d55f42494b9d24980882ab127a297a98,,0,ok,1.6233033000025898,0,0,0,0,True,2.9791186917573214,datasets\All_contract_DB1\MultiSigWallet_1.sol,,
db1_0458_noderegistry_1,NodeRegistry_1.sol,52b1f7f55131e39be30949e44e0d4c42f1ea6da4,,1,ok,1.8733681000303477,5,5,0,0,False,178.45206469111145,datasets\All_contract_DB1\NodeRegistry_1.sol,results\all_contract_db1_reentrancy\reports\db1_0458_noderegistry_1,
db1_0459_noderegistry_2,NodeRegistry_2.sol,52b1f7f55131e39be30949e44e0d4c42f1ea6da4,db1_0458_noderegistry_1,1,ok,1.8733681000303477,5,5,0,0,False,116.36827842332423,datasets\All_contract_DB1\NodeRegistry_2.sol,results\all_contract_db1_reentrancy\reports\db1_0458_noderegistry_1,
db1_0460_oletokenlock_1,OLETokenLock_1.sol,8cf0bb1ef48fb67f07816f9cec4a55cbd85d421a,,0,ok,1.6516352000180632,0,0,0,0,False,1.2254477962851524,datasets\All_contract_DB1\OLETokenLock_1.sol,,
db1_0461_olympuserc20_1,OlympusERC20_1.sol,4c58b5378e09e7a2607b3cdf4d25f9d0cb39514a,,0,ok,2.841240599984303,0,0,0,0,False,14.046074969694018,datasets\All_contract_DB1\OlympusERC20_1.sol,,
db1_0462_oneswapbuyback_1,OneSwapBuyback_1.sol,ef03a0b89157e24b10ca1013f30c9732bcc43034,,0,ok,1.6564524999121204,0,0,0,0,True,2.5538725834339857,datasets\All_contract_DB1\OneSwapBuyback_1.sol,,
db1_0463_oneswappair_1,OneSwapPair_1.sol,d341baa63d280c64fc3d64d51577e87f5547dd18,,,timeout,240.0217408000026,,,,,False,213.82039711624384,datasets\All_contract_DB1\OneSwapPair_1.sol,,Process timeout after 240s
db1_0464_oneswappair_2,OneSwapPair_2.sol,d341baa63d280c64fc3d64d51577e87f5547dd18,db1_0463_oneswappair_1,,timeout,240.0217408000026,,,,,False,203.0879393517971,datasets\All_contract_DB1\OneSwapPair_2.sol,,Process timeout after 240s
db1_0465_openoracledata_1,OpenOracleData_1.sol,71b616a0156eb6fe7d89e2632dc58bfadde31b71,,0,ok,1.7814962998963892,0,0,0,0,False,1.0689706318080425,datasets\All_contract_DB1\OpenOracleData_1.sol,,
db1_0466_oraclerouter_1,OracleRouter_1.sol,f31233369c0ba1f1cb2004d3ea14324635b83e9c,,0,ok,2.0045706999953836,0,0,0,0,False,1.089797606691718,datasets\All_contract_DB1\OracleRouter_1.sol,,
db1_0467_oracula0x85f3ec4ec49ab6a5901278176235957ef521970d_1,Oracula0x85f3ec4EC49aB6a5901278176235957ef521970d_1.sol,46bc833baa3547362af35673583449e84baa7d58,,0,ok,7.905482199974358,0,0,0,0,False,1.2972757034003735,datasets\All_contract_DB1\Oracula0x85f3ec4EC49aB6a5901278176235957ef521970d_1.sol,,
db1_0468_oracula0x85f3ec4ec49ab6a5901278176235957ef521970d_2,Oracula0x85f3ec4EC49aB6a5901278176235957ef521970d_2.sol,46bc833baa3547362af35673583449e84baa7d58,db1_0467_oracula0x85f3ec4ec49ab6a5901278176235957ef521970d_1,0,ok,7.905482199974358,0,0,0,0,False,1.2621683720499277,datasets\All_contract_DB1\Oracula0x85f3ec4EC49aB6a5901278176235957ef521970d_2.sol,,
db1_0469_oracula0x85f3ec4ec49ab6a5901278176235957ef521970d_3,Oracula0x85f3ec4EC49aB6a5901278176235957ef521970d_3.sol,46bc833baa3547362af35673583449e84baa7d58,db1_0467_oracula0x85f3ec4ec49ab6a5901278176235957ef521970d_1,0,ok,7.905482199974358,0,0,0,0,False,1.250585263594985,datasets\All_contract_DB1\Oracula0x85f3ec4EC49aB6a5901278176235957ef521970d_3.sol,,
db1_0470_otokenfactory_1,OtokenFactory_1.sol,3b135cf3ddb706f60d3627ec436630654bdc23a7,,0,ok,2.18747479992453,0,0,0,0,,,datasets\All_contract_DB1\OtokenFactory_1.sol,,
db1_0471_ownable_1,Ownable_1.sol,8223b9636d79e094c22ead81aac320261f0140a9,,0,ok,1.5468676999444142,0,0,0,0,False,0.9311212953180075,datasets\All_contract_DB1\Ownable_1.sol,,
db1_0472_ownermanager_1,OwnerManager_1.sol,261de14ae82b5b090db51174a6a6587fa49a720e,,0,ok,1.6325610999483615,0,0,0,0,False,1.7075547315180302,datasets\All_contract_DB1\OwnerManager_1.sol,,
db1_0473_ownermanager_10,OwnerManager_10.sol,261de14ae82b5b090db51174a6a6587fa49a720e,db1_0472_ownermanager_1,0,ok,1.6325610999483615,0,0,0,0,False,1.6182223837822676,datasets\All_contract_DB1\OwnerManager_10.sol,,
db1_0474_ownermanager_11,OwnerManager_11.sol,261de14ae82b5b090db51174a6a6587fa49a720e,db1_0472_ownermanager_1,0,ok,1.6325610999483615,0,0,0,0,False,1.6086788922548294,datasets\All_contract_DB1\OwnerManager_11.sol,,
db1_0475_ownermanager_12,OwnerManager_12.sol,261de14ae82b5b090db51174a6a6587fa49a720e,db1_0472_ownermanager_1,0,ok,1.6325610999483615,0,0,0,0,False,1.612503755837679,datasets\All_contract_DB1\OwnerManager_12.sol,,
db1_0476_ownermanager_13,OwnerManager_13.sol,261de14ae82b5b090db51174a6a6587fa49a720e,db1_0472_ownermanager_1,0,ok,1.6325610999483615,0,0,0,0,False,1.601660491898656,datasets\All_contract_DB1\OwnerManager_13.sol,,
db1_0477_ownermanager_14,OwnerManager_14.sol,261de14ae82b5b090db51174a6a6587fa49a720e,db1_0472_ownermanager_1,0,ok,1.6325610999483615,0,0,0,0,False,1.6090674623847008,datasets\All_contract_DB1\OwnerManager_14.sol,,
db1_0478_ownermanager_15,OwnerManager_15.sol,261de14ae82b5b090db51174a6a6587fa49a720e,db1_0472_ownermanager_1,0,ok,1.6325610999483615,0,0,0,0,False,1.6107358876615763,datasets\All_contract_DB1\OwnerManager_15.sol,,
db1_0479_ownermanager_16,OwnerManager_16.sol,261de14ae82b5b090db51174a6a6587fa49a720e,db1_0472_ownermanager_1,0,ok,1.6325610999483615,0,0,0,0,False,1.6351700462400913,datasets\All_contract_DB1\OwnerManager_16.sol,,
db1_0480_ownermanager_17,OwnerManager_17.sol,261de14ae82b5b090db51174a6a6587fa49a720e,db1_0472_ownermanager_1,0,ok,1.6325610999483615,0,0,0,0,False,1.590792404487729,datasets\All_contract_DB1\OwnerManager_17.sol,,
db1_0481_ownermanager_18,OwnerManager_18.sol,261de14ae82b5b090db51174a6a6587fa49a720e,db1_0472_ownermanager_1,0,ok,1.6325610999483615,0,0,0,0,False,1.612861830741167,datasets\All_contract_DB1\OwnerManager_18.sol,,
db1_0482_ownermanager_19,OwnerManager_19.sol,261de14ae82b5b090db51174a6a6587fa49a720e,db1_0472_ownermanager_1,0,ok,1.6325610999483615,0,0,0,0,False,1.7123501431196928,datasets\All_contract_DB1\OwnerManager_19.sol,,
db1_0483_ownermanager_2,OwnerManager_2.sol,261de14ae82b5b090db51174a6a6587fa49a720e,db1_0472_ownermanager_1,0,ok,1.6325610999483615,0,0,0,0,False,1.6095752101391554,datasets\All_contract_DB1\OwnerManager_2.sol,,
db1_0484_ownermanager_20,OwnerManager_20.sol,261de14ae82b5b090db51174a6a6587fa49a720e,db1_0472_ownermanager_1,0,ok,1.6325610999483615,0,0,0,0,False,1.6600212454795837,datasets\All_contract_DB1\OwnerManager_20.sol,,
db1_0485_ownermanager_3,OwnerManager_3.sol,261de14ae82b5b090db51174a6a6587fa49a720e,db1_0472_ownermanager_1,0,ok,1.6325610999483615,0,0,0,0,False,1.6042306572198868,datasets\All_contract_DB1\OwnerManager_3.sol,,
db1_0486_ownermanager_4,OwnerManager_4.sol,261de14ae82b5b090db51174a6a6587fa49a720e,db1_0472_ownermanager_1,0,ok,1.6325610999483615,0,0,0,0,False,1.6058796029537916,datasets\All_contract_DB1\OwnerManager_4.sol,,
db1_0487_ownermanager_5,OwnerManager_5.sol,261de14ae82b5b090db51174a6a6587fa49a720e,db1_0472_ownermanager_1,0,ok,1.6325610999483615,0,0,0,0,False,1.6021032184362411,datasets\All_contract_DB1\OwnerManager_5.sol,,
db1_0488_ownermanager_6,OwnerManager_6.sol,261de14ae82b5b090db51174a6a6587fa49a720e,db1_0472_ownermanager_1,0,ok,1.6325610999483615,0,0,0,0,False,1.607118146494031,datasets\All_contract_DB1\OwnerManager_6.sol,,
db1_0489_ownermanager_7,OwnerManager_7.sol,261de14ae82b5b090db51174a6a6587fa49a720e,db1_0472_ownermanager_1,0,ok,1.6325610999483615,0,0,0,0,False,1.5849133934825659,datasets\All_contract_DB1\OwnerManager_7.sol,,
db1_0490_ownermanager_8,OwnerManager_8.sol,261de14ae82b5b090db51174a6a6587fa49a720e,db1_0472_ownermanager_1,0,ok,1.6325610999483615,0,0,0,0,False,1.599823035299778,datasets\All_contract_DB1\OwnerManager_8.sol,,
db1_0491_ownermanager_9,OwnerManager_9.sol,261de14ae82b5b090db51174a6a6587fa49a720e,db1_0472_ownermanager_1,0,ok,1.6325610999483615,0,0,0,0,False,1.589406369253993,datasets\All_contract_DB1\OwnerManager_9.sol,,
db1_0492_pancakefactory_1,PancakeFactory_1.sol,0228ad7d3b817c3a81c48b88c0b175fca6ac5358,,1,ok,3.3526602999772877,1,0,0,1,True,8.847736056894064,datasets\All_contract_DB1\PancakeFactory_1.sol,results\all_contract_db1_reentrancy\reports\db1_0492_pancakefactory_1,
db1_0493_payableproxycontroller_1,PayableProxyController_1.sol,1e3f65be06e505b0c10ab018b36b5ff14fc09f41,,,timeout,240.02469290001318,,,,,,,datasets\All_contract_DB1\PayableProxyController_1.sol,,Process timeout after 240s
db1_0494_paymentstartstandardexit_1,PaymentStartStandardExit_1.sol,3a9e64b210d420fefe6ddee77bbacf27d52c1795,,,compile_failed,2.030095500056632,,,,,False,0.938963022083044,datasets\All_contract_DB1\PaymentStartStandardExit_1.sol,,"======================================================================
  Reentrancy Guardian - Semantic ICFG Reentrancy Detector
======================================================================
[0.0%] Phase 1: Parsing: 0/4
[-] Failed to load project: Invalid compilation: 
Invalid solc compilation, none of the solc versions provided worked:
0.5.11: Invalid solc compilation D:/code/icfg/datasets/All_contract_DB1/PaymentStartStandardExit_1.sol:2:1: Warning: Experimental features are turned on. Do not use experimental features on live deployments.

pragma experimental ABIEncoderV2;

^-------------------------------^

D:/code/icfg/datasets/All_contract_DB1/PaymentStartStandardExit_1.sol:1112:34: Error: Identifier not found or not unique.

    function isStandardFinalized(Model.Data calldata self) external view returns (bool);

                                 ^--------^

D:/code/icfg/datasets/All_contract_DB1/PaymentStartStandardExit_1.sol:1119:34: Error: Identifier not found or not unique.

    function isProtocolFinalized(Model.Data calldata self) external view returns (bool);

                                 ^--------^


[ERROR] Analysis failed: Invalid compilation: 
Invalid solc compilation, none of the solc versions provided worked:
0.5.11: Invalid solc compilation D:/code/icfg/datasets/All_contract_DB1/PaymentStartStandardExit_1.sol:2:1: Warning: Experimental features are turned on. Do not use experimental features on live deployments.

pragma experimental ABIEncoderV2;

^-------------------------------^

D:/code/icfg/datasets/All_contract_DB1/PaymentStartStandardExit_1.sol:1112:34: Error: Identifier not found or not unique.

    function isStandardFinalized(Model.Data calldata self) external view returns (bool);

                                 ^--------^

D:/code/icfg/datasets/All_contract_DB1/PaymentStartStandardExit_1.sol:1119:34: Error: Identifier not found or not unique.

    function isProtocolFinalized(Model.Data calldata self) extern
...[truncated]"
db1_0495_paymentstartstandardexit_2,PaymentStartStandardExit_2.sol,3a9e64b210d420fefe6ddee77bbacf27d52c1795,db1_0494_paymentstartstandardexit_1,,compile_failed,2.030095500056632,,,,,False,0.9253104478120804,datasets\All_contract_DB1\PaymentStartStandardExit_2.sol,,"======================================================================
  Reentrancy Guardian - Semantic ICFG Reentrancy Detector
======================================================================
[0.0%] Phase 1: Parsing: 0/4
[-] Failed to load project: Invalid compilation: 
Invalid solc compilation, none of the solc versions provided worked:
0.5.11: Invalid solc compilation D:/code/icfg/datasets/All_contract_DB1/PaymentStartStandardExit_1.sol:2:1: Warning: Experimental features are turned on. Do not use experimental features on live deployments.

pragma experimental ABIEncoderV2;

^-------------------------------^

D:/code/icfg/datasets/All_contract_DB1/PaymentStartStandardExit_1.sol:1112:34: Error: Identifier not found or not unique.

    function isStandardFinalized(Model.Data calldata self) external view returns (bool);

                                 ^--------^

D:/code/icfg/datasets/All_contract_DB1/PaymentStartStandardExit_1.sol:1119:34: Error: Identifier not found or not unique.

    function isProtocolFinalized(Model.Data calldata self) external view returns (bool);

                                 ^--------^


[ERROR] Analysis failed: Invalid compilation: 
Invalid solc compilation, none of the solc versions provided worked:
0.5.11: Invalid solc compilation D:/code/icfg/datasets/All_contract_DB1/PaymentStartStandardExit_1.sol:2:1: Warning: Experimental features are turned on. Do not use experimental features on live deployments.

pragma experimental ABIEncoderV2;

^-------------------------------^

D:/code/icfg/datasets/All_contract_DB1/PaymentStartStandardExit_1.sol:1112:34: Error: Identifier not found or not unique.

    function isStandardFinalized(Model.Data calldata self) external view returns (bool);

                                 ^--------^

D:/code/icfg/datasets/All_contract_DB1/PaymentStartStandardExit_1.sol:1119:34: Error: Identifier not found or not unique.

    function isProtocolFinalized(Model.Data calldata self) extern
...[truncated]"
db1_0496_pikastaking_1,PikaStaking_1.sol,4769db2e1e59d6f58df865f703cd37d3d17c1ffe,,1,ok,1.5481901000021026,3,2,0,1,True,67.9943717457354,datasets\All_contract_DB1\PikaStaking_1.sol,results\all_contract_db1_reentrancy\reports\db1_0496_pikastaking_1,
db1_0497_plasmaframework_1,PlasmaFramework_1.sol,273f47bec98998cf6166e68d4349b46efdd8b1a0,,1,ok,2.2461613999912515,8,8,0,0,False,14.198675956577063,datasets\All_contract_DB1\PlasmaFramework_1.sol,results\all_contract_db1_reentrancy\reports\db1_0497_plasmaframework_1,
db1_0498_plasmaframework_10,PlasmaFramework_10.sol,273f47bec98998cf6166e68d4349b46efdd8b1a0,db1_0497_plasmaframework_1,1,ok,2.2461613999912515,8,8,0,0,False,14.827576402574778,datasets\All_contract_DB1\PlasmaFramework_10.sol,results\all_contract_db1_reentrancy\reports\db1_0497_plasmaframework_1,
db1_0499_plasmaframework_11,PlasmaFramework_11.sol,273f47bec98998cf6166e68d4349b46efdd8b1a0,db1_0497_plasmaframework_1,1,ok,2.2461613999912515,8,8,0,0,False,14.48644626699388,datasets\All_contract_DB1\PlasmaFramework_11.sol,results\all_contract_db1_reentrancy\reports\db1_0497_plasmaframework_1,
db1_0500_plasmaframework_12,PlasmaFramework_12.sol,273f47bec98998cf6166e68d4349b46efdd8b1a0,db1_0497_plasmaframework_1,1,ok,2.2461613999912515,8,8,0,0,False,14.23788451962173,datasets\All_contract_DB1\PlasmaFramework_12.sol,results\all_contract_db1_reentrancy\reports\db1_0497_plasmaframework_1,
db1_0501_plasmaframework_13,PlasmaFramework_13.sol,273f47bec98998cf6166e68d4349b46efdd8b1a0,db1_0497_plasmaframework_1,1,ok,2.2461613999912515,8,8,0,0,False,14.029427845031023,datasets\All_contract_DB1\PlasmaFramework_13.sol,results\all_contract_db1_reentrancy\reports\db1_0497_plasmaframework_1,
db1_0502_plasmaframework_14,PlasmaFramework_14.sol,273f47bec98998cf6166e68d4349b46efdd8b1a0,db1_0497_plasmaframework_1,1,ok,2.2461613999912515,8,8,0,0,False,14.196413302794099,datasets\All_contract_DB1\PlasmaFramework_14.sol,results\all_contract_db1_reentrancy\reports\db1_0497_plasmaframework_1,
db1_0503_plasmaframework_15,PlasmaFramework_15.sol,273f47bec98998cf6166e68d4349b46efdd8b1a0,db1_0497_plasmaframework_1,1,ok,2.2461613999912515,8,8,0,0,False,14.365727353841066,datasets\All_contract_DB1\PlasmaFramework_15.sol,results\all_contract_db1_reentrancy\reports\db1_0497_plasmaframework_1,
db1_0504_plasmaframework_16,PlasmaFramework_16.sol,273f47bec98998cf6166e68d4349b46efdd8b1a0,db1_0497_plasmaframework_1,1,ok,2.2461613999912515,8,8,0,0,False,14.122779300436378,datasets\All_contract_DB1\PlasmaFramework_16.sol,results\all_contract_db1_reentrancy\reports\db1_0497_plasmaframework_1,
db1_0505_plasmaframework_17,PlasmaFramework_17.sol,273f47bec98998cf6166e68d4349b46efdd8b1a0,db1_0497_plasmaframework_1,1,ok,2.2461613999912515,8,8,0,0,False,14.106303175911307,datasets\All_contract_DB1\PlasmaFramework_17.sol,results\all_contract_db1_reentrancy\reports\db1_0497_plasmaframework_1,
db1_0506_plasmaframework_18,PlasmaFramework_18.sol,273f47bec98998cf6166e68d4349b46efdd8b1a0,db1_0497_plasmaframework_1,1,ok,2.2461613999912515,8,8,0,0,False,14.104637457057834,datasets\All_contract_DB1\PlasmaFramework_18.sol,results\all_contract_db1_reentrancy\reports\db1_0497_plasmaframework_1,
db1_0507_plasmaframework_2,PlasmaFramework_2.sol,273f47bec98998cf6166e68d4349b46efdd8b1a0,db1_0497_plasmaframework_1,1,ok,2.2461613999912515,8,8,0,0,False,14.663033394142985,datasets\All_contract_DB1\PlasmaFramework_2.sol,results\all_contract_db1_reentrancy\reports\db1_0497_plasmaframework_1,
db1_0508_plasmaframework_3,PlasmaFramework_3.sol,273f47bec98998cf6166e68d4349b46efdd8b1a0,db1_0497_plasmaframework_1,1,ok,2.2461613999912515,8,8,0,0,False,14.16807758063078,datasets\All_contract_DB1\PlasmaFramework_3.sol,results\all_contract_db1_reentrancy\reports\db1_0497_plasmaframework_1,
db1_0509_plasmaframework_4,PlasmaFramework_4.sol,273f47bec98998cf6166e68d4349b46efdd8b1a0,db1_0497_plasmaframework_1,1,ok,2.2461613999912515,8,8,0,0,False,13.971238201484084,datasets\All_contract_DB1\PlasmaFramework_4.sol,results\all_contract_db1_reentrancy\reports\db1_0497_plasmaframework_1,
db1_0510_plasmaframework_5,PlasmaFramework_5.sol,273f47bec98998cf6166e68d4349b46efdd8b1a0,db1_0497_plasmaframework_1,1,ok,2.2461613999912515,8,8,0,0,False,14.540905877947807,datasets\All_contract_DB1\PlasmaFramework_5.sol,results\all_contract_db1_reentrancy\reports\db1_0497_plasmaframework_1,
db1_0511_plasmaframework_6,PlasmaFramework_6.sol,273f47bec98998cf6166e68d4349b46efdd8b1a0,db1_0497_plasmaframework_1,1,ok,2.2461613999912515,8,8,0,0,False,14.418115364387631,datasets\All_contract_DB1\PlasmaFramework_6.sol,results\all_contract_db1_reentrancy\reports\db1_0497_plasmaframework_1,
db1_0512_plasmaframework_7,PlasmaFramework_7.sol,273f47bec98998cf6166e68d4349b46efdd8b1a0,db1_0497_plasmaframework_1,1,ok,2.2461613999912515,8,8,0,0,False,14.203418534249067,datasets\All_contract_DB1\PlasmaFramework_7.sol,results\all_contract_db1_reentrancy\reports\db1_0497_plasmaframework_1,
db1_0513_plasmaframework_8,PlasmaFramework_8.sol,273f47bec98998cf6166e68d4349b46efdd8b1a0,db1_0497_plasmaframework_1,1,ok,2.2461613999912515,8,8,0,0,False,14.126815313473344,datasets\All_contract_DB1\PlasmaFramework_8.sol,results\all_contract_db1_reentrancy\reports\db1_0497_plasmaframework_1,
db1_0514_plasmaframework_9,PlasmaFramework_9.sol,273f47bec98998cf6166e68d4349b46efdd8b1a0,db1_0497_plasmaframework_1,1,ok,2.2461613999912515,8,8,0,0,False,14.840874074026942,datasets\All_contract_DB1\PlasmaFramework_9.sol,results\all_contract_db1_reentrancy\reports\db1_0497_plasmaframework_1,
db1_0515_pool_1,Pool_1.sol,74f1124d67726f3f2be08f4aa26f6602c4789da6,,0,ok,16.452799599966966,0,0,0,0,False,0.9460502248257399,datasets\All_contract_DB1\Pool_1.sol,,
db1_0516_poolcommitter_1,PoolCommitter_1.sol,3e64b9872eb23cf7c7723564dd67a370894a3591,,1,ok,30.676439799950458,25,22,0,3,False,1.0100959297269583,datasets\All_contract_DB1\PoolCommitter_1.sol,results\all_contract_db1_reentrancy\reports\db1_0516_poolcommitter_1,
db1_0517_poolcommitter_2,PoolCommitter_2.sol,3e64b9872eb23cf7c7723564dd67a370894a3591,db1_0516_poolcommitter_1,1,ok,30.676439799950458,25,22,0,3,False,0.9674649499356747,datasets\All_contract_DB1\PoolCommitter_2.sol,results\all_contract_db1_reentrancy\reports\db1_0516_poolcommitter_1,
db1_0518_poolcommitter_3,PoolCommitter_3.sol,3e64b9872eb23cf7c7723564dd67a370894a3591,db1_0516_poolcommitter_1,1,ok,30.676439799950458,25,22,0,3,False,0.9617329556494951,datasets\All_contract_DB1\PoolCommitter_3.sol,results\all_contract_db1_reentrancy\reports\db1_0516_poolcommitter_1,
db1_0519_poolcommitter_4,PoolCommitter_4.sol,3e64b9872eb23cf7c7723564dd67a370894a3591,db1_0516_poolcommitter_1,1,ok,30.676439799950458,25,22,0,3,False,1.0086779780685902,datasets\All_contract_DB1\PoolCommitter_4.sol,results\all_contract_db1_reentrancy\reports\db1_0516_poolcommitter_1,
db1_0520_primitiveengine_1,PrimitiveEngine_1.sol,c2b0a9bc47b05cc47eedd7dd69b9dbba5b9cf4a8,,,timeout,240.0205359000247,,,,,False,0.9619674570858479,datasets\All_contract_DB1\PrimitiveEngine_1.sol,,Process timeout after 240s
db1_0521_primitiveengine_2,PrimitiveEngine_2.sol,c2b0a9bc47b05cc47eedd7dd69b9dbba5b9cf4a8,db1_0520_primitiveengine_1,,timeout,240.0205359000247,,,,,False,0.9629368800669909,datasets\All_contract_DB1\PrimitiveEngine_2.sol,,Process timeout after 240s
db1_0522_primitiveengine_3,PrimitiveEngine_3.sol,c2b0a9bc47b05cc47eedd7dd69b9dbba5b9cf4a8,db1_0520_primitiveengine_1,,timeout,240.0205359000247,,,,,False,0.9720214102417231,datasets\All_contract_DB1\PrimitiveEngine_3.sol,,Process timeout after 240s
db1_0523_primitiveengine_4,PrimitiveEngine_4.sol,c2b0a9bc47b05cc47eedd7dd69b9dbba5b9cf4a8,db1_0520_primitiveengine_1,,timeout,240.0205359000247,,,,,False,0.967655660584569,datasets\All_contract_DB1\PrimitiveEngine_4.sol,,Process timeout after 240s
db1_0524_primitiveengine_5,PrimitiveEngine_5.sol,c2b0a9bc47b05cc47eedd7dd69b9dbba5b9cf4a8,db1_0520_primitiveengine_1,,timeout,240.0205359000247,,,,,False,0.9667921923100948,datasets\All_contract_DB1\PrimitiveEngine_5.sol,,Process timeout after 240s
db1_0525_primitiveengine_6,PrimitiveEngine_6.sol,c2b0a9bc47b05cc47eedd7dd69b9dbba5b9cf4a8,db1_0520_primitiveengine_1,,timeout,240.0205359000247,,,,,False,0.9619216322898865,datasets\All_contract_DB1\PrimitiveEngine_6.sol,,Process timeout after 240s
db1_0526_primitiveengine_7,PrimitiveEngine_7.sol,c2b0a9bc47b05cc47eedd7dd69b9dbba5b9cf4a8,db1_0520_primitiveengine_1,,timeout,240.0205359000247,,,,,False,0.9763842839747667,datasets\All_contract_DB1\PrimitiveEngine_7.sol,,Process timeout after 240s
db1_0527_primitiveengine_8,PrimitiveEngine_8.sol,c2b0a9bc47b05cc47eedd7dd69b9dbba5b9cf4a8,db1_0520_primitiveengine_1,,timeout,240.0205359000247,,,,,False,0.9619841370731592,datasets\All_contract_DB1\PrimitiveEngine_8.sol,,Process timeout after 240s
db1_0528_primitiveengine_9,PrimitiveEngine_9.sol,c2b0a9bc47b05cc47eedd7dd69b9dbba5b9cf4a8,db1_0520_primitiveengine_1,,timeout,240.0205359000247,,,,,False,0.9744195267558098,datasets\All_contract_DB1\PrimitiveEngine_9.sol,,Process timeout after 240s
db1_0529_projectkudos_1,ProjectKudos_1.sol,db9311177faddaf2fdab0fe8398f9cd5be308a01,,0,ok,1.972714199917391,0,0,0,0,,,datasets\All_contract_DB1\ProjectKudos_1.sol,,
db1_0530_projectkudos_2,ProjectKudos_2.sol,db9311177faddaf2fdab0fe8398f9cd5be308a01,db1_0529_projectkudos_1,0,ok,1.972714199917391,0,0,0,0,,,datasets\All_contract_DB1\ProjectKudos_2.sol,,
db1_0531_projectkudos_3,ProjectKudos_3.sol,db9311177faddaf2fdab0fe8398f9cd5be308a01,db1_0529_projectkudos_1,0,ok,1.972714199917391,0,0,0,0,,,datasets\All_contract_DB1\ProjectKudos_3.sol,,
db1_0532_projectkudos_4,ProjectKudos_4.sol,db9311177faddaf2fdab0fe8398f9cd5be308a01,db1_0529_projectkudos_1,0,ok,1.972714199917391,0,0,0,0,,,datasets\All_contract_DB1\ProjectKudos_4.sol,,
db1_0533_promissorytoken_1,PromissoryToken_1.sol,90269a4c916e739648e5af53c72eac2374a4db53,,0,ok,1.8386018000310287,0,0,0,0,False,3.9745680894702673,datasets\All_contract_DB1\PromissoryToken_1.sol,,
db1_0534_promissorytoken_2,PromissoryToken_2.sol,90269a4c916e739648e5af53c72eac2374a4db53,db1_0533_promissorytoken_1,0,ok,1.8386018000310287,0,0,0,0,False,3.929159287363291,datasets\All_contract_DB1\PromissoryToken_2.sol,,
db1_0535_promissorytoken_3,PromissoryToken_3.sol,90269a4c916e739648e5af53c72eac2374a4db53,db1_0533_promissorytoken_1,0,ok,1.8386018000310287,0,0,0,0,False,3.9235996771603823,datasets\All_contract_DB1\PromissoryToken_3.sol,,
db1_0536_promissorytoken_4,PromissoryToken_4.sol,90269a4c916e739648e5af53c72eac2374a4db53,db1_0533_promissorytoken_1,0,ok,1.8386018000310287,0,0,0,0,False,4.162496963515878,datasets\All_contract_DB1\PromissoryToken_4.sol,,
db1_0537_qanx_1,QANX_1.sol,a968f53c594ce53d64be681f761b4216d1a90650,,,timeout,240.0577009000117,,,,,False,47.01826598867774,datasets\All_contract_DB1\QANX_1.sol,,Process timeout after 240s
db1_0538_random_1,Random_1.sol,1b12fe29ee2e0eeec94ccb06aacf810d16e1e453,,0,ok,3.253660900052637,0,0,0,0,,,datasets\All_contract_DB1\Random_1.sol,,
db1_0539_random_2,Random_2.sol,1b12fe29ee2e0eeec94ccb06aacf810d16e1e453,db1_0538_random_1,0,ok,3.253660900052637,0,0,0,0,,,datasets\All_contract_DB1\Random_2.sol,,
db1_0540_random_3,Random_3.sol,1b12fe29ee2e0eeec94ccb06aacf810d16e1e453,db1_0538_random_1,0,ok,3.253660900052637,0,0,0,0,,,datasets\All_contract_DB1\Random_3.sol,,
db1_0541_random_4,Random_4.sol,1b12fe29ee2e0eeec94ccb06aacf810d16e1e453,db1_0538_random_1,0,ok,3.253660900052637,0,0,0,0,,,datasets\All_contract_DB1\Random_4.sol,,
db1_0542_random_5,Random_5.sol,1b12fe29ee2e0eeec94ccb06aacf810d16e1e453,db1_0538_random_1,0,ok,3.253660900052637,0,0,0,0,,,datasets\All_contract_DB1\Random_5.sol,,
db1_0543_randombase_1,RandomBase_1.sol,395a05fd900a43330c9da5dc5b181f16484c0d6c,,0,ok,7.035196500015445,0,0,0,0,False,1.1273136790841818,datasets\All_contract_DB1\RandomBase_1.sol,,
db1_0544_randombase_2,RandomBase_2.sol,395a05fd900a43330c9da5dc5b181f16484c0d6c,db1_0543_randombase_1,0,ok,7.035196500015445,0,0,0,0,False,1.094849605113268,datasets\All_contract_DB1\RandomBase_2.sol,,
db1_0545_randombase_3,RandomBase_3.sol,395a05fd900a43330c9da5dc5b181f16484c0d6c,db1_0543_randombase_1,0,ok,7.035196500015445,0,0,0,0,False,1.0966829992830753,datasets\All_contract_DB1\RandomBase_3.sol,,
db1_0546_recoverable_wallet_1,recoverable-wallet_1.sol,5143455a243faab4315bcd588584c49b2738aa4a,,0,ok,6.712961300043389,0,0,0,0,True,2.3525562696158886,datasets\All_contract_DB1\recoverable-wallet_1.sol,,
db1_0547_registry_1,Registry_1.sol,4d08e4216b81957263430f4eb9d592902829caeb,,0,ok,2.0771057999227196,0,0,0,0,False,1.3575453478842974,datasets\All_contract_DB1\Registry_1.sol,,
db1_0548_requesterauthorizerwhitelisterwithtoken_1,RequesterAuthorizerWhitelisterWithToken_1.sol,9ffab9261e04c87ed561a90991854612d0de086b,,,compile_failed,6.5223182999761775,,,,,False,0.9129932206124067,datasets\All_contract_DB1\RequesterAuthorizerWhitelisterWithToken_1.sol,,"======================================================================
  Reentrancy Guardian - Semantic ICFG Reentrancy Detector
======================================================================
[0.0%] Phase 1: Parsing: 0/4
[-] Failed to load project: Invalid compilation: 
Invalid solc compilation, none of the solc versions provided worked:
0.8.30: Invalid solc compilation Error: Definition of base has to precede definition of derived contract

   --> datasets/All_contract_DB1/RequesterAuthorizerWhitelisterWithToken_1.sol:127:40:

    |

127 | interface IRegistryRolesWithManager is IAccessControlRegistryAdminned {

    |                                        ^^^^^^^^^^^^^^^^^^^^^^^^^^^^^^




[ERROR] Analysis failed: Invalid compilation: 
Invalid solc compilation, none of the solc versions provided worked:
0.8.30: Invalid solc compilation Error: Definition of base has to precede definition of derived contract

   --> datasets/All_contract_DB1/RequesterAuthorizerWhitelisterWithToken_1.sol:127:40:

    |

127 | interface IRegistryRolesWithManager is IAccessControlRegistryAdminned {

    |                                        ^^^^^^^^^^^^^^^^^^^^^^^^^^^^^^





[ERROR] Analysis failed: Invalid compilation: 
Invalid solc compilation, none of the solc versions provided worked:
0.8.30: Invalid solc compilation Error: Definition of base has to precede definition of derived contract

   --> datasets/All_contract_DB1/RequesterAuthorizerWhitelisterWithToken_1.sol:127:40:

    |

127 | interface IRegistryRolesWithManager is IAccessControlRegistryAdminned {

    |                                        ^^^^^^^^^^^^^^^^^^^^^^^^^^^^^^"
db1_0549_requesterauthorizerwhitelisterwithtoken_2,RequesterAuthorizerWhitelisterWithToken_2.sol,9ffab9261e04c87ed561a90991854612d0de086b,db1_0548_requesterauthorizerwhitelisterwithtoken_1,,compile_failed,6.5223182999761775,,,,,False,0.9078444745391607,datasets\All_contract_DB1\RequesterAuthorizerWhitelisterWithToken_2.sol,,"======================================================================
  Reentrancy Guardian - Semantic ICFG Reentrancy Detector
======================================================================
[0.0%] Phase 1: Parsing: 0/4
[-] Failed to load project: Invalid compilation: 
Invalid solc compilation, none of the solc versions provided worked:
0.8.30: Invalid solc compilation Error: Definition of base has to precede definition of derived contract

   --> datasets/All_contract_DB1/RequesterAuthorizerWhitelisterWithToken_1.sol:127:40:

    |

127 | interface IRegistryRolesWithManager is IAccessControlRegistryAdminned {

    |                                        ^^^^^^^^^^^^^^^^^^^^^^^^^^^^^^




[ERROR] Analysis failed: Invalid compilation: 
Invalid solc compilation, none of the solc versions provided worked:
0.8.30: Invalid solc compilation Error: Definition of base has to precede definition of derived contract

   --> datasets/All_contract_DB1/RequesterAuthorizerWhitelisterWithToken_1.sol:127:40:

    |

127 | interface IRegistryRolesWithManager is IAccessControlRegistryAdminned {

    |                                        ^^^^^^^^^^^^^^^^^^^^^^^^^^^^^^





[ERROR] Analysis failed: Invalid compilation: 
Invalid solc compilation, none of the solc versions provided worked:
0.8.30: Invalid solc compilation Error: Definition of base has to precede definition of derived contract

   --> datasets/All_contract_DB1/RequesterAuthorizerWhitelisterWithToken_1.sol:127:40:

    |

127 | interface IRegistryRolesWithManager is IAccessControlRegistryAdminned {

    |                                        ^^^^^^^^^^^^^^^^^^^^^^^^^^^^^^"
db1_0550_requesterauthorizerwhitelisterwithtoken_3,RequesterAuthorizerWhitelisterWithToken_3.sol,9ffab9261e04c87ed561a90991854612d0de086b,db1_0548_requesterauthorizerwhitelisterwithtoken_1,,compile_failed,6.5223182999761775,,,,,False,0.9116320814937353,datasets\All_contract_DB1\RequesterAuthorizerWhitelisterWithToken_3.sol,,"======================================================================
  Reentrancy Guardian - Semantic ICFG Reentrancy Detector
======================================================================
[0.0%] Phase 1: Parsing: 0/4
[-] Failed to load project: Invalid compilation: 
Invalid solc compilation, none of the solc versions provided worked:
0.8.30: Invalid solc compilation Error: Definition of base has to precede definition of derived contract

   --> datasets/All_contract_DB1/RequesterAuthorizerWhitelisterWithToken_1.sol:127:40:

    |

127 | interface IRegistryRolesWithManager is IAccessControlRegistryAdminned {

    |                                        ^^^^^^^^^^^^^^^^^^^^^^^^^^^^^^




[ERROR] Analysis failed: Invalid compilation: 
Invalid solc compilation, none of the solc versions provided worked:
0.8.30: Invalid solc compilation Error: Definition of base has to precede definition of derived contract

   --> datasets/All_contract_DB1/RequesterAuthorizerWhitelisterWithToken_1.sol:127:40:

    |

127 | interface IRegistryRolesWithManager is IAccessControlRegistryAdminned {

    |                                        ^^^^^^^^^^^^^^^^^^^^^^^^^^^^^^





[ERROR] Analysis failed: Invalid compilation: 
Invalid solc compilation, none of the solc versions provided worked:
0.8.30: Invalid solc compilation Error: Definition of base has to precede definition of derived contract

   --> datasets/All_contract_DB1/RequesterAuthorizerWhitelisterWithToken_1.sol:127:40:

    |

127 | interface IRegistryRolesWithManager is IAccessControlRegistryAdminned {

    |                                        ^^^^^^^^^^^^^^^^^^^^^^^^^^^^^^"
db1_0551_requesterauthorizerwhitelisterwithtoken_4,RequesterAuthorizerWhitelisterWithToken_4.sol,9ffab9261e04c87ed561a90991854612d0de086b,db1_0548_requesterauthorizerwhitelisterwithtoken_1,,compile_failed,6.5223182999761775,,,,,False,0.9103300236165524,datasets\All_contract_DB1\RequesterAuthorizerWhitelisterWithToken_4.sol,,"======================================================================
  Reentrancy Guardian - Semantic ICFG Reentrancy Detector
======================================================================
[0.0%] Phase 1: Parsing: 0/4
[-] Failed to load project: Invalid compilation: 
Invalid solc compilation, none of the solc versions provided worked:
0.8.30: Invalid solc compilation Error: Definition of base has to precede definition of derived contract

   --> datasets/All_contract_DB1/RequesterAuthorizerWhitelisterWithToken_1.sol:127:40:

    |

127 | interface IRegistryRolesWithManager is IAccessControlRegistryAdminned {

    |                                        ^^^^^^^^^^^^^^^^^^^^^^^^^^^^^^




[ERROR] Analysis failed: Invalid compilation: 
Invalid solc compilation, none of the solc versions provided worked:
0.8.30: Invalid solc compilation Error: Definition of base has to precede definition of derived contract

   --> datasets/All_contract_DB1/RequesterAuthorizerWhitelisterWithToken_1.sol:127:40:

    |

127 | interface IRegistryRolesWithManager is IAccessControlRegistryAdminned {

    |                                        ^^^^^^^^^^^^^^^^^^^^^^^^^^^^^^





[ERROR] Analysis failed: Invalid compilation: 
Invalid solc compilation, none of the solc versions provided worked:
0.8.30: Invalid solc compilation Error: Definition of base has to precede definition of derived contract

   --> datasets/All_contract_DB1/RequesterAuthorizerWhitelisterWithToken_1.sol:127:40:

    |

127 | interface IRegistryRolesWithManager is IAccessControlRegistryAdminned {

    |                                        ^^^^^^^^^^^^^^^^^^^^^^^^^^^^^^"
db1_0552_requesterauthorizerwhitelisterwithtoken_5,RequesterAuthorizerWhitelisterWithToken_5.sol,9ffab9261e04c87ed561a90991854612d0de086b,db1_0548_requesterauthorizerwhitelisterwithtoken_1,,compile_failed,6.5223182999761775,,,,,False,0.9327442366629839,datasets\All_contract_DB1\RequesterAuthorizerWhitelisterWithToken_5.sol,,"======================================================================
  Reentrancy Guardian - Semantic ICFG Reentrancy Detector
======================================================================
[0.0%] Phase 1: Parsing: 0/4
[-] Failed to load project: Invalid compilation: 
Invalid solc compilation, none of the solc versions provided worked:
0.8.30: Invalid solc compilation Error: Definition of base has to precede definition of derived contract

   --> datasets/All_contract_DB1/RequesterAuthorizerWhitelisterWithToken_1.sol:127:40:

    |

127 | interface IRegistryRolesWithManager is IAccessControlRegistryAdminned {

    |                                        ^^^^^^^^^^^^^^^^^^^^^^^^^^^^^^




[ERROR] Analysis failed: Invalid compilation: 
Invalid solc compilation, none of the solc versions provided worked:
0.8.30: Invalid solc compilation Error: Definition of base has to precede definition of derived contract

   --> datasets/All_contract_DB1/RequesterAuthorizerWhitelisterWithToken_1.sol:127:40:

    |

127 | interface IRegistryRolesWithManager is IAccessControlRegistryAdminned {

    |                                        ^^^^^^^^^^^^^^^^^^^^^^^^^^^^^^





[ERROR] Analysis failed: Invalid compilation: 
Invalid solc compilation, none of the solc versions provided worked:
0.8.30: Invalid solc compilation Error: Definition of base has to precede definition of derived contract

   --> datasets/All_contract_DB1/RequesterAuthorizerWhitelisterWithToken_1.sol:127:40:

    |

127 | interface IRegistryRolesWithManager is IAccessControlRegistryAdminned {

    |                                        ^^^^^^^^^^^^^^^^^^^^^^^^^^^^^^"
db1_0553_requesterauthorizerwhitelisterwithtoken_6,RequesterAuthorizerWhitelisterWithToken_6.sol,9ffab9261e04c87ed561a90991854612d0de086b,db1_0548_requesterauthorizerwhitelisterwithtoken_1,,compile_failed,6.5223182999761775,,,,,False,0.9366990309208632,datasets\All_contract_DB1\RequesterAuthorizerWhitelisterWithToken_6.sol,,"======================================================================
  Reentrancy Guardian - Semantic ICFG Reentrancy Detector
======================================================================
[0.0%] Phase 1: Parsing: 0/4
[-] Failed to load project: Invalid compilation: 
Invalid solc compilation, none of the solc versions provided worked:
0.8.30: Invalid solc compilation Error: Definition of base has to precede definition of derived contract

   --> datasets/All_contract_DB1/RequesterAuthorizerWhitelisterWithToken_1.sol:127:40:

    |

127 | interface IRegistryRolesWithManager is IAccessControlRegistryAdminned {

    |                                        ^^^^^^^^^^^^^^^^^^^^^^^^^^^^^^




[ERROR] Analysis failed: Invalid compilation: 
Invalid solc compilation, none of the solc versions provided worked:
0.8.30: Invalid solc compilation Error: Definition of base has to precede definition of derived contract

   --> datasets/All_contract_DB1/RequesterAuthorizerWhitelisterWithToken_1.sol:127:40:

    |

127 | interface IRegistryRolesWithManager is IAccessControlRegistryAdminned {

    |                                        ^^^^^^^^^^^^^^^^^^^^^^^^^^^^^^





[ERROR] Analysis failed: Invalid compilation: 
Invalid solc compilation, none of the solc versions provided worked:
0.8.30: Invalid solc compilation Error: Definition of base has to precede definition of derived contract

   --> datasets/All_contract_DB1/RequesterAuthorizerWhitelisterWithToken_1.sol:127:40:

    |

127 | interface IRegistryRolesWithManager is IAccessControlRegistryAdminned {

    |                                        ^^^^^^^^^^^^^^^^^^^^^^^^^^^^^^"
db1_0554_reservelogic_1,ReserveLogic_1.sol,904b75923271f969e17156a7971b5c24aa03d87b,,,compile_failed,2.7014429999981076,,,,,False,0.9019425958395004,datasets\All_contract_DB1\ReserveLogic_1.sol,,"======================================================================
  Reentrancy Guardian - Semantic ICFG Reentrancy Detector
======================================================================
[0.0%] Phase 1: Parsing: 0/4
[-] Failed to load project: Invalid compilation: 
Invalid solc compilation, none of the solc versions provided worked:
0.8.7: Invalid solc compilation Error: Source ""D:/code/dependencies/openzeppelin/contracts/IERC20.sol"" not found: File not found.

 --> D:/code/icfg/datasets/All_contract_DB1/ReserveLogic_1.sol:4:1:

  |

4 | import {IERC20} from '../../../dependencies/openzeppelin/contracts/IERC20.sol';

  | ^^^^^^^^^^^^^^^^^^^^^^^^^^^^^^^^^^^^^^^^^^^^^^^^^^^^^^^^^^^^^^^^^^^^^^^^^^^^^^^



Error: Source ""D:/code/dependencies/openzeppelin/contracts/SafeERC20.sol"" not found: File not found.

 --> D:/code/icfg/datasets/All_contract_DB1/ReserveLogic_1.sol:5:1:

  |

5 | import {SafeERC20} from '../../../dependencies/openzeppelin/contracts/SafeERC20.sol';

  | ^^^^^^^^^^^^^^^^^^^^^^^^^^^^^^^^^^^^^^^^^^^^^^^^^^^^^^^^^^^^^^^^^^^^^^^^^^^^^^^^^^^^^



Error: Source ""D:/code/interfaces/IAToken.sol"" not found: File not found.

 --> D:/code/icfg/datasets/All_contract_DB1/ReserveLogic_1.sol:6:1:

  |

6 | import {IAToken} from '../../../interfaces/IAToken.sol';

  | ^^^^^^^^^^^^^^^^^^^^^^^^^^^^^^^^^^^^^^^^^^^^^^^^^^^^^^^^



Error: Source ""D:/code/interfaces/IStableDebtToken.sol"" not found: File not found.

 --> D:/code/icfg/datasets/All_contract_DB1/ReserveLogic_1.sol:7:1:

  |

7 | import {IStableDebtToken} from '../../../interfaces/IStableDebtToken.sol';

  | ^^^^^^^^^^^^^^^^^^^^^^^^^^^^^^^^^^^^^^^^^^^^^^^^^^^^^^^^^^^^^^^^^^^^^^^^^^



Error: Source ""D:/code/interfaces/IVariableDebtToken.sol"" not found: File not found.

 --> D:/code/icfg/datasets/All_contract_DB1/ReserveLogic_1.sol:8:1:

  |

8 | import {IVariableDebtToken} from '../../../interfaces/IVariableDebtToken.sol';

  | ^^^^^^^^^^^^^^^^^^^^^^^^^^^^^^^^^^^^^^^^^^^^^^^^^^^^^^^^^
...[truncated]"
db1_0555_reservelogic_10,ReserveLogic_10.sol,904b75923271f969e17156a7971b5c24aa03d87b,db1_0554_reservelogic_1,,compile_failed,2.7014429999981076,,,,,False,0.9103864803910255,datasets\All_contract_DB1\ReserveLogic_10.sol,,"======================================================================
  Reentrancy Guardian - Semantic ICFG Reentrancy Detector
======================================================================
[0.0%] Phase 1: Parsing: 0/4
[-] Failed to load project: Invalid compilation: 
Invalid solc compilation, none of the solc versions provided worked:
0.8.7: Invalid solc compilation Error: Source ""D:/code/dependencies/openzeppelin/contracts/IERC20.sol"" not found: File not found.

 --> D:/code/icfg/datasets/All_contract_DB1/ReserveLogic_1.sol:4:1:

  |

4 | import {IERC20} from '../../../dependencies/openzeppelin/contracts/IERC20.sol';

  | ^^^^^^^^^^^^^^^^^^^^^^^^^^^^^^^^^^^^^^^^^^^^^^^^^^^^^^^^^^^^^^^^^^^^^^^^^^^^^^^



Error: Source ""D:/code/dependencies/openzeppelin/contracts/SafeERC20.sol"" not found: File not found.

 --> D:/code/icfg/datasets/All_contract_DB1/ReserveLogic_1.sol:5:1:

  |

5 | import {SafeERC20} from '../../../dependencies/openzeppelin/contracts/SafeERC20.sol';

  | ^^^^^^^^^^^^^^^^^^^^^^^^^^^^^^^^^^^^^^^^^^^^^^^^^^^^^^^^^^^^^^^^^^^^^^^^^^^^^^^^^^^^^



Error: Source ""D:/code/interfaces/IAToken.sol"" not found: File not found.

 --> D:/code/icfg/datasets/All_contract_DB1/ReserveLogic_1.sol:6:1:

  |

6 | import {IAToken} from '../../../interfaces/IAToken.sol';

  | ^^^^^^^^^^^^^^^^^^^^^^^^^^^^^^^^^^^^^^^^^^^^^^^^^^^^^^^^



Error: Source ""D:/code/interfaces/IStableDebtToken.sol"" not found: File not found.

 --> D:/code/icfg/datasets/All_contract_DB1/ReserveLogic_1.sol:7:1:

  |

7 | import {IStableDebtToken} from '../../../interfaces/IStableDebtToken.sol';

  | ^^^^^^^^^^^^^^^^^^^^^^^^^^^^^^^^^^^^^^^^^^^^^^^^^^^^^^^^^^^^^^^^^^^^^^^^^^



Error: Source ""D:/code/interfaces/IVariableDebtToken.sol"" not found: File not found.

 --> D:/code/icfg/datasets/All_contract_DB1/ReserveLogic_1.sol:8:1:

  |

8 | import {IVariableDebtToken} from '../../../interfaces/IVariableDebtToken.sol';

  | ^^^^^^^^^^^^^^^^^^^^^^^^^^^^^^^^^^^^^^^^^^^^^^^^^^^^^^^^^
...[truncated]"
db1_0556_reservelogic_11,ReserveLogic_11.sol,904b75923271f969e17156a7971b5c24aa03d87b,db1_0554_reservelogic_1,,compile_failed,2.7014429999981076,,,,,False,0.9041689895093441,datasets\All_contract_DB1\ReserveLogic_11.sol,,"======================================================================
  Reentrancy Guardian - Semantic ICFG Reentrancy Detector
======================================================================
[0.0%] Phase 1: Parsing: 0/4
[-] Failed to load project: Invalid compilation: 
Invalid solc compilation, none of the solc versions provided worked:
0.8.7: Invalid solc compilation Error: Source ""D:/code/dependencies/openzeppelin/contracts/IERC20.sol"" not found: File not found.

 --> D:/code/icfg/datasets/All_contract_DB1/ReserveLogic_1.sol:4:1:

  |

4 | import {IERC20} from '../../../dependencies/openzeppelin/contracts/IERC20.sol';

  | ^^^^^^^^^^^^^^^^^^^^^^^^^^^^^^^^^^^^^^^^^^^^^^^^^^^^^^^^^^^^^^^^^^^^^^^^^^^^^^^



Error: Source ""D:/code/dependencies/openzeppelin/contracts/SafeERC20.sol"" not found: File not found.

 --> D:/code/icfg/datasets/All_contract_DB1/ReserveLogic_1.sol:5:1:

  |

5 | import {SafeERC20} from '../../../dependencies/openzeppelin/contracts/SafeERC20.sol';

  | ^^^^^^^^^^^^^^^^^^^^^^^^^^^^^^^^^^^^^^^^^^^^^^^^^^^^^^^^^^^^^^^^^^^^^^^^^^^^^^^^^^^^^



Error: Source ""D:/code/interfaces/IAToken.sol"" not found: File not found.

 --> D:/code/icfg/datasets/All_contract_DB1/ReserveLogic_1.sol:6:1:

  |

6 | import {IAToken} from '../../../interfaces/IAToken.sol';

  | ^^^^^^^^^^^^^^^^^^^^^^^^^^^^^^^^^^^^^^^^^^^^^^^^^^^^^^^^



Error: Source ""D:/code/interfaces/IStableDebtToken.sol"" not found: File not found.

 --> D:/code/icfg/datasets/All_contract_DB1/ReserveLogic_1.sol:7:1:

  |

7 | import {IStableDebtToken} from '../../../interfaces/IStableDebtToken.sol';

  | ^^^^^^^^^^^^^^^^^^^^^^^^^^^^^^^^^^^^^^^^^^^^^^^^^^^^^^^^^^^^^^^^^^^^^^^^^^



Error: Source ""D:/code/interfaces/IVariableDebtToken.sol"" not found: File not found.

 --> D:/code/icfg/datasets/All_contract_DB1/ReserveLogic_1.sol:8:1:

  |

8 | import {IVariableDebtToken} from '../../../interfaces/IVariableDebtToken.sol';

  | ^^^^^^^^^^^^^^^^^^^^^^^^^^^^^^^^^^^^^^^^^^^^^^^^^^^^^^^^^
...[truncated]"
db1_0557_reservelogic_12,ReserveLogic_12.sol,904b75923271f969e17156a7971b5c24aa03d87b,db1_0554_reservelogic_1,,compile_failed,2.7014429999981076,,,,,False,0.9074122309684753,datasets\All_contract_DB1\ReserveLogic_12.sol,,"======================================================================
  Reentrancy Guardian - Semantic ICFG Reentrancy Detector
======================================================================
[0.0%] Phase 1: Parsing: 0/4
[-] Failed to load project: Invalid compilation: 
Invalid solc compilation, none of the solc versions provided worked:
0.8.7: Invalid solc compilation Error: Source ""D:/code/dependencies/openzeppelin/contracts/IERC20.sol"" not found: File not found.

 --> D:/code/icfg/datasets/All_contract_DB1/ReserveLogic_1.sol:4:1:

  |

4 | import {IERC20} from '../../../dependencies/openzeppelin/contracts/IERC20.sol';

  | ^^^^^^^^^^^^^^^^^^^^^^^^^^^^^^^^^^^^^^^^^^^^^^^^^^^^^^^^^^^^^^^^^^^^^^^^^^^^^^^



Error: Source ""D:/code/dependencies/openzeppelin/contracts/SafeERC20.sol"" not found: File not found.

 --> D:/code/icfg/datasets/All_contract_DB1/ReserveLogic_1.sol:5:1:

  |

5 | import {SafeERC20} from '../../../dependencies/openzeppelin/contracts/SafeERC20.sol';

  | ^^^^^^^^^^^^^^^^^^^^^^^^^^^^^^^^^^^^^^^^^^^^^^^^^^^^^^^^^^^^^^^^^^^^^^^^^^^^^^^^^^^^^



Error: Source ""D:/code/interfaces/IAToken.sol"" not found: File not found.

 --> D:/code/icfg/datasets/All_contract_DB1/ReserveLogic_1.sol:6:1:

  |

6 | import {IAToken} from '../../../interfaces/IAToken.sol';

  | ^^^^^^^^^^^^^^^^^^^^^^^^^^^^^^^^^^^^^^^^^^^^^^^^^^^^^^^^



Error: Source ""D:/code/interfaces/IStableDebtToken.sol"" not found: File not found.

 --> D:/code/icfg/datasets/All_contract_DB1/ReserveLogic_1.sol:7:1:

  |

7 | import {IStableDebtToken} from '../../../interfaces/IStableDebtToken.sol';

  | ^^^^^^^^^^^^^^^^^^^^^^^^^^^^^^^^^^^^^^^^^^^^^^^^^^^^^^^^^^^^^^^^^^^^^^^^^^



Error: Source ""D:/code/interfaces/IVariableDebtToken.sol"" not found: File not found.

 --> D:/code/icfg/datasets/All_contract_DB1/ReserveLogic_1.sol:8:1:

  |

8 | import {IVariableDebtToken} from '../../../interfaces/IVariableDebtToken.sol';

  | ^^^^^^^^^^^^^^^^^^^^^^^^^^^^^^^^^^^^^^^^^^^^^^^^^^^^^^^^^
...[truncated]"
db1_0558_reservelogic_2,ReserveLogic_2.sol,904b75923271f969e17156a7971b5c24aa03d87b,db1_0554_reservelogic_1,,compile_failed,2.7014429999981076,,,,,False,0.9081391375511885,datasets\All_contract_DB1\ReserveLogic_2.sol,,"======================================================================
  Reentrancy Guardian - Semantic ICFG Reentrancy Detector
======================================================================
[0.0%] Phase 1: Parsing: 0/4
[-] Failed to load project: Invalid compilation: 
Invalid solc compilation, none of the solc versions provided worked:
0.8.7: Invalid solc compilation Error: Source ""D:/code/dependencies/openzeppelin/contracts/IERC20.sol"" not found: File not found.

 --> D:/code/icfg/datasets/All_contract_DB1/ReserveLogic_1.sol:4:1:

  |

4 | import {IERC20} from '../../../dependencies/openzeppelin/contracts/IERC20.sol';

  | ^^^^^^^^^^^^^^^^^^^^^^^^^^^^^^^^^^^^^^^^^^^^^^^^^^^^^^^^^^^^^^^^^^^^^^^^^^^^^^^



Error: Source ""D:/code/dependencies/openzeppelin/contracts/SafeERC20.sol"" not found: File not found.

 --> D:/code/icfg/datasets/All_contract_DB1/ReserveLogic_1.sol:5:1:

  |

5 | import {SafeERC20} from '../../../dependencies/openzeppelin/contracts/SafeERC20.sol';

  | ^^^^^^^^^^^^^^^^^^^^^^^^^^^^^^^^^^^^^^^^^^^^^^^^^^^^^^^^^^^^^^^^^^^^^^^^^^^^^^^^^^^^^



Error: Source ""D:/code/interfaces/IAToken.sol"" not found: File not found.

 --> D:/code/icfg/datasets/All_contract_DB1/ReserveLogic_1.sol:6:1:

  |

6 | import {IAToken} from '../../../interfaces/IAToken.sol';

  | ^^^^^^^^^^^^^^^^^^^^^^^^^^^^^^^^^^^^^^^^^^^^^^^^^^^^^^^^



Error: Source ""D:/code/interfaces/IStableDebtToken.sol"" not found: File not found.

 --> D:/code/icfg/datasets/All_contract_DB1/ReserveLogic_1.sol:7:1:

  |

7 | import {IStableDebtToken} from '../../../interfaces/IStableDebtToken.sol';

  | ^^^^^^^^^^^^^^^^^^^^^^^^^^^^^^^^^^^^^^^^^^^^^^^^^^^^^^^^^^^^^^^^^^^^^^^^^^



Error: Source ""D:/code/interfaces/IVariableDebtToken.sol"" not found: File not found.

 --> D:/code/icfg/datasets/All_contract_DB1/ReserveLogic_1.sol:8:1:

  |

8 | import {IVariableDebtToken} from '../../../interfaces/IVariableDebtToken.sol';

  | ^^^^^^^^^^^^^^^^^^^^^^^^^^^^^^^^^^^^^^^^^^^^^^^^^^^^^^^^^
...[truncated]"
db1_0559_reservelogic_3,ReserveLogic_3.sol,904b75923271f969e17156a7971b5c24aa03d87b,db1_0554_reservelogic_1,,compile_failed,2.7014429999981076,,,,,False,0.9415556658059359,datasets\All_contract_DB1\ReserveLogic_3.sol,,"======================================================================
  Reentrancy Guardian - Semantic ICFG Reentrancy Detector
======================================================================
[0.0%] Phase 1: Parsing: 0/4
[-] Failed to load project: Invalid compilation: 
Invalid solc compilation, none of the solc versions provided worked:
0.8.7: Invalid solc compilation Error: Source ""D:/code/dependencies/openzeppelin/contracts/IERC20.sol"" not found: File not found.

 --> D:/code/icfg/datasets/All_contract_DB1/ReserveLogic_1.sol:4:1:

  |

4 | import {IERC20} from '../../../dependencies/openzeppelin/contracts/IERC20.sol';

  | ^^^^^^^^^^^^^^^^^^^^^^^^^^^^^^^^^^^^^^^^^^^^^^^^^^^^^^^^^^^^^^^^^^^^^^^^^^^^^^^



Error: Source ""D:/code/dependencies/openzeppelin/contracts/SafeERC20.sol"" not found: File not found.

 --> D:/code/icfg/datasets/All_contract_DB1/ReserveLogic_1.sol:5:1:

  |

5 | import {SafeERC20} from '../../../dependencies/openzeppelin/contracts/SafeERC20.sol';

  | ^^^^^^^^^^^^^^^^^^^^^^^^^^^^^^^^^^^^^^^^^^^^^^^^^^^^^^^^^^^^^^^^^^^^^^^^^^^^^^^^^^^^^



Error: Source ""D:/code/interfaces/IAToken.sol"" not found: File not found.

 --> D:/code/icfg/datasets/All_contract_DB1/ReserveLogic_1.sol:6:1:

  |

6 | import {IAToken} from '../../../interfaces/IAToken.sol';

  | ^^^^^^^^^^^^^^^^^^^^^^^^^^^^^^^^^^^^^^^^^^^^^^^^^^^^^^^^



Error: Source ""D:/code/interfaces/IStableDebtToken.sol"" not found: File not found.

 --> D:/code/icfg/datasets/All_contract_DB1/ReserveLogic_1.sol:7:1:

  |

7 | import {IStableDebtToken} from '../../../interfaces/IStableDebtToken.sol';

  | ^^^^^^^^^^^^^^^^^^^^^^^^^^^^^^^^^^^^^^^^^^^^^^^^^^^^^^^^^^^^^^^^^^^^^^^^^^



Error: Source ""D:/code/interfaces/IVariableDebtToken.sol"" not found: File not found.

 --> D:/code/icfg/datasets/All_contract_DB1/ReserveLogic_1.sol:8:1:

  |

8 | import {IVariableDebtToken} from '../../../interfaces/IVariableDebtToken.sol';

  | ^^^^^^^^^^^^^^^^^^^^^^^^^^^^^^^^^^^^^^^^^^^^^^^^^^^^^^^^^
...[truncated]"
db1_0560_reservelogic_4,ReserveLogic_4.sol,904b75923271f969e17156a7971b5c24aa03d87b,db1_0554_reservelogic_1,,compile_failed,2.7014429999981076,,,,,False,0.899140315130353,datasets\All_contract_DB1\ReserveLogic_4.sol,,"======================================================================
  Reentrancy Guardian - Semantic ICFG Reentrancy Detector
======================================================================
[0.0%] Phase 1: Parsing: 0/4
[-] Failed to load project: Invalid compilation: 
Invalid solc compilation, none of the solc versions provided worked:
0.8.7: Invalid solc compilation Error: Source ""D:/code/dependencies/openzeppelin/contracts/IERC20.sol"" not found: File not found.

 --> D:/code/icfg/datasets/All_contract_DB1/ReserveLogic_1.sol:4:1:

  |

4 | import {IERC20} from '../../../dependencies/openzeppelin/contracts/IERC20.sol';

  | ^^^^^^^^^^^^^^^^^^^^^^^^^^^^^^^^^^^^^^^^^^^^^^^^^^^^^^^^^^^^^^^^^^^^^^^^^^^^^^^



Error: Source ""D:/code/dependencies/openzeppelin/contracts/SafeERC20.sol"" not found: File not found.

 --> D:/code/icfg/datasets/All_contract_DB1/ReserveLogic_1.sol:5:1:

  |

5 | import {SafeERC20} from '../../../dependencies/openzeppelin/contracts/SafeERC20.sol';

  | ^^^^^^^^^^^^^^^^^^^^^^^^^^^^^^^^^^^^^^^^^^^^^^^^^^^^^^^^^^^^^^^^^^^^^^^^^^^^^^^^^^^^^



Error: Source ""D:/code/interfaces/IAToken.sol"" not found: File not found.

 --> D:/code/icfg/datasets/All_contract_DB1/ReserveLogic_1.sol:6:1:

  |

6 | import {IAToken} from '../../../interfaces/IAToken.sol';

  | ^^^^^^^^^^^^^^^^^^^^^^^^^^^^^^^^^^^^^^^^^^^^^^^^^^^^^^^^



Error: Source ""D:/code/interfaces/IStableDebtToken.sol"" not found: File not found.

 --> D:/code/icfg/datasets/All_contract_DB1/ReserveLogic_1.sol:7:1:

  |

7 | import {IStableDebtToken} from '../../../interfaces/IStableDebtToken.sol';

  | ^^^^^^^^^^^^^^^^^^^^^^^^^^^^^^^^^^^^^^^^^^^^^^^^^^^^^^^^^^^^^^^^^^^^^^^^^^



Error: Source ""D:/code/interfaces/IVariableDebtToken.sol"" not found: File not found.

 --> D:/code/icfg/datasets/All_contract_DB1/ReserveLogic_1.sol:8:1:

  |

8 | import {IVariableDebtToken} from '../../../interfaces/IVariableDebtToken.sol';

  | ^^^^^^^^^^^^^^^^^^^^^^^^^^^^^^^^^^^^^^^^^^^^^^^^^^^^^^^^^
...[truncated]"
db1_0561_reservelogic_5,ReserveLogic_5.sol,904b75923271f969e17156a7971b5c24aa03d87b,db1_0554_reservelogic_1,,compile_failed,2.7014429999981076,,,,,False,0.9232846423983574,datasets\All_contract_DB1\ReserveLogic_5.sol,,"======================================================================
  Reentrancy Guardian - Semantic ICFG Reentrancy Detector
======================================================================
[0.0%] Phase 1: Parsing: 0/4
[-] Failed to load project: Invalid compilation: 
Invalid solc compilation, none of the solc versions provided worked:
0.8.7: Invalid solc compilation Error: Source ""D:/code/dependencies/openzeppelin/contracts/IERC20.sol"" not found: File not found.

 --> D:/code/icfg/datasets/All_contract_DB1/ReserveLogic_1.sol:4:1:

  |

4 | import {IERC20} from '../../../dependencies/openzeppelin/contracts/IERC20.sol';

  | ^^^^^^^^^^^^^^^^^^^^^^^^^^^^^^^^^^^^^^^^^^^^^^^^^^^^^^^^^^^^^^^^^^^^^^^^^^^^^^^



Error: Source ""D:/code/dependencies/openzeppelin/contracts/SafeERC20.sol"" not found: File not found.

 --> D:/code/icfg/datasets/All_contract_DB1/ReserveLogic_1.sol:5:1:

  |

5 | import {SafeERC20} from '../../../dependencies/openzeppelin/contracts/SafeERC20.sol';

  | ^^^^^^^^^^^^^^^^^^^^^^^^^^^^^^^^^^^^^^^^^^^^^^^^^^^^^^^^^^^^^^^^^^^^^^^^^^^^^^^^^^^^^



Error: Source ""D:/code/interfaces/IAToken.sol"" not found: File not found.

 --> D:/code/icfg/datasets/All_contract_DB1/ReserveLogic_1.sol:6:1:

  |

6 | import {IAToken} from '../../../interfaces/IAToken.sol';

  | ^^^^^^^^^^^^^^^^^^^^^^^^^^^^^^^^^^^^^^^^^^^^^^^^^^^^^^^^



Error: Source ""D:/code/interfaces/IStableDebtToken.sol"" not found: File not found.

 --> D:/code/icfg/datasets/All_contract_DB1/ReserveLogic_1.sol:7:1:

  |

7 | import {IStableDebtToken} from '../../../interfaces/IStableDebtToken.sol';

  | ^^^^^^^^^^^^^^^^^^^^^^^^^^^^^^^^^^^^^^^^^^^^^^^^^^^^^^^^^^^^^^^^^^^^^^^^^^



Error: Source ""D:/code/interfaces/IVariableDebtToken.sol"" not found: File not found.

 --> D:/code/icfg/datasets/All_contract_DB1/ReserveLogic_1.sol:8:1:

  |

8 | import {IVariableDebtToken} from '../../../interfaces/IVariableDebtToken.sol';

  | ^^^^^^^^^^^^^^^^^^^^^^^^^^^^^^^^^^^^^^^^^^^^^^^^^^^^^^^^^
...[truncated]"
db1_0562_reservelogic_6,ReserveLogic_6.sol,904b75923271f969e17156a7971b5c24aa03d87b,db1_0554_reservelogic_1,,compile_failed,2.7014429999981076,,,,,False,0.9585250988602638,datasets\All_contract_DB1\ReserveLogic_6.sol,,"======================================================================
  Reentrancy Guardian - Semantic ICFG Reentrancy Detector
======================================================================
[0.0%] Phase 1: Parsing: 0/4
[-] Failed to load project: Invalid compilation: 
Invalid solc compilation, none of the solc versions provided worked:
0.8.7: Invalid solc compilation Error: Source ""D:/code/dependencies/openzeppelin/contracts/IERC20.sol"" not found: File not found.

 --> D:/code/icfg/datasets/All_contract_DB1/ReserveLogic_1.sol:4:1:

  |

4 | import {IERC20} from '../../../dependencies/openzeppelin/contracts/IERC20.sol';

  | ^^^^^^^^^^^^^^^^^^^^^^^^^^^^^^^^^^^^^^^^^^^^^^^^^^^^^^^^^^^^^^^^^^^^^^^^^^^^^^^



Error: Source ""D:/code/dependencies/openzeppelin/contracts/SafeERC20.sol"" not found: File not found.

 --> D:/code/icfg/datasets/All_contract_DB1/ReserveLogic_1.sol:5:1:

  |

5 | import {SafeERC20} from '../../../dependencies/openzeppelin/contracts/SafeERC20.sol';

  | ^^^^^^^^^^^^^^^^^^^^^^^^^^^^^^^^^^^^^^^^^^^^^^^^^^^^^^^^^^^^^^^^^^^^^^^^^^^^^^^^^^^^^



Error: Source ""D:/code/interfaces/IAToken.sol"" not found: File not found.

 --> D:/code/icfg/datasets/All_contract_DB1/ReserveLogic_1.sol:6:1:

  |

6 | import {IAToken} from '../../../interfaces/IAToken.sol';

  | ^^^^^^^^^^^^^^^^^^^^^^^^^^^^^^^^^^^^^^^^^^^^^^^^^^^^^^^^



Error: Source ""D:/code/interfaces/IStableDebtToken.sol"" not found: File not found.

 --> D:/code/icfg/datasets/All_contract_DB1/ReserveLogic_1.sol:7:1:

  |

7 | import {IStableDebtToken} from '../../../interfaces/IStableDebtToken.sol';

  | ^^^^^^^^^^^^^^^^^^^^^^^^^^^^^^^^^^^^^^^^^^^^^^^^^^^^^^^^^^^^^^^^^^^^^^^^^^



Error: Source ""D:/code/interfaces/IVariableDebtToken.sol"" not found: File not found.

 --> D:/code/icfg/datasets/All_contract_DB1/ReserveLogic_1.sol:8:1:

  |

8 | import {IVariableDebtToken} from '../../../interfaces/IVariableDebtToken.sol';

  | ^^^^^^^^^^^^^^^^^^^^^^^^^^^^^^^^^^^^^^^^^^^^^^^^^^^^^^^^^
...[truncated]"
db1_0563_reservelogic_7,ReserveLogic_7.sol,904b75923271f969e17156a7971b5c24aa03d87b,db1_0554_reservelogic_1,,compile_failed,2.7014429999981076,,,,,False,0.969546239823103,datasets\All_contract_DB1\ReserveLogic_7.sol,,"======================================================================
  Reentrancy Guardian - Semantic ICFG Reentrancy Detector
======================================================================
[0.0%] Phase 1: Parsing: 0/4
[-] Failed to load project: Invalid compilation: 
Invalid solc compilation, none of the solc versions provided worked:
0.8.7: Invalid solc compilation Error: Source ""D:/code/dependencies/openzeppelin/contracts/IERC20.sol"" not found: File not found.

 --> D:/code/icfg/datasets/All_contract_DB1/ReserveLogic_1.sol:4:1:

  |

4 | import {IERC20} from '../../../dependencies/openzeppelin/contracts/IERC20.sol';

  | ^^^^^^^^^^^^^^^^^^^^^^^^^^^^^^^^^^^^^^^^^^^^^^^^^^^^^^^^^^^^^^^^^^^^^^^^^^^^^^^



Error: Source ""D:/code/dependencies/openzeppelin/contracts/SafeERC20.sol"" not found: File not found.

 --> D:/code/icfg/datasets/All_contract_DB1/ReserveLogic_1.sol:5:1:

  |

5 | import {SafeERC20} from '../../../dependencies/openzeppelin/contracts/SafeERC20.sol';

  | ^^^^^^^^^^^^^^^^^^^^^^^^^^^^^^^^^^^^^^^^^^^^^^^^^^^^^^^^^^^^^^^^^^^^^^^^^^^^^^^^^^^^^



Error: Source ""D:/code/interfaces/IAToken.sol"" not found: File not found.

 --> D:/code/icfg/datasets/All_contract_DB1/ReserveLogic_1.sol:6:1:

  |

6 | import {IAToken} from '../../../interfaces/IAToken.sol';

  | ^^^^^^^^^^^^^^^^^^^^^^^^^^^^^^^^^^^^^^^^^^^^^^^^^^^^^^^^



Error: Source ""D:/code/interfaces/IStableDebtToken.sol"" not found: File not found.

 --> D:/code/icfg/datasets/All_contract_DB1/ReserveLogic_1.sol:7:1:

  |

7 | import {IStableDebtToken} from '../../../interfaces/IStableDebtToken.sol';

  | ^^^^^^^^^^^^^^^^^^^^^^^^^^^^^^^^^^^^^^^^^^^^^^^^^^^^^^^^^^^^^^^^^^^^^^^^^^



Error: Source ""D:/code/interfaces/IVariableDebtToken.sol"" not found: File not found.

 --> D:/code/icfg/datasets/All_contract_DB1/ReserveLogic_1.sol:8:1:

  |

8 | import {IVariableDebtToken} from '../../../interfaces/IVariableDebtToken.sol';

  | ^^^^^^^^^^^^^^^^^^^^^^^^^^^^^^^^^^^^^^^^^^^^^^^^^^^^^^^^^
...[truncated]"
db1_0564_reservelogic_8,ReserveLogic_8.sol,904b75923271f969e17156a7971b5c24aa03d87b,db1_0554_reservelogic_1,,compile_failed,2.7014429999981076,,,,,False,0.9610260911285877,datasets\All_contract_DB1\ReserveLogic_8.sol,,"======================================================================
  Reentrancy Guardian - Semantic ICFG Reentrancy Detector
======================================================================
[0.0%] Phase 1: Parsing: 0/4
[-] Failed to load project: Invalid compilation: 
Invalid solc compilation, none of the solc versions provided worked:
0.8.7: Invalid solc compilation Error: Source ""D:/code/dependencies/openzeppelin/contracts/IERC20.sol"" not found: File not found.

 --> D:/code/icfg/datasets/All_contract_DB1/ReserveLogic_1.sol:4:1:

  |

4 | import {IERC20} from '../../../dependencies/openzeppelin/contracts/IERC20.sol';

  | ^^^^^^^^^^^^^^^^^^^^^^^^^^^^^^^^^^^^^^^^^^^^^^^^^^^^^^^^^^^^^^^^^^^^^^^^^^^^^^^



Error: Source ""D:/code/dependencies/openzeppelin/contracts/SafeERC20.sol"" not found: File not found.

 --> D:/code/icfg/datasets/All_contract_DB1/ReserveLogic_1.sol:5:1:

  |

5 | import {SafeERC20} from '../../../dependencies/openzeppelin/contracts/SafeERC20.sol';

  | ^^^^^^^^^^^^^^^^^^^^^^^^^^^^^^^^^^^^^^^^^^^^^^^^^^^^^^^^^^^^^^^^^^^^^^^^^^^^^^^^^^^^^



Error: Source ""D:/code/interfaces/IAToken.sol"" not found: File not found.

 --> D:/code/icfg/datasets/All_contract_DB1/ReserveLogic_1.sol:6:1:

  |

6 | import {IAToken} from '../../../interfaces/IAToken.sol';

  | ^^^^^^^^^^^^^^^^^^^^^^^^^^^^^^^^^^^^^^^^^^^^^^^^^^^^^^^^



Error: Source ""D:/code/interfaces/IStableDebtToken.sol"" not found: File not found.

 --> D:/code/icfg/datasets/All_contract_DB1/ReserveLogic_1.sol:7:1:

  |

7 | import {IStableDebtToken} from '../../../interfaces/IStableDebtToken.sol';

  | ^^^^^^^^^^^^^^^^^^^^^^^^^^^^^^^^^^^^^^^^^^^^^^^^^^^^^^^^^^^^^^^^^^^^^^^^^^



Error: Source ""D:/code/interfaces/IVariableDebtToken.sol"" not found: File not found.

 --> D:/code/icfg/datasets/All_contract_DB1/ReserveLogic_1.sol:8:1:

  |

8 | import {IVariableDebtToken} from '../../../interfaces/IVariableDebtToken.sol';

  | ^^^^^^^^^^^^^^^^^^^^^^^^^^^^^^^^^^^^^^^^^^^^^^^^^^^^^^^^^
...[truncated]"
db1_0565_reservelogic_9,ReserveLogic_9.sol,904b75923271f969e17156a7971b5c24aa03d87b,db1_0554_reservelogic_1,,compile_failed,2.7014429999981076,,,,,False,0.9638498611748219,datasets\All_contract_DB1\ReserveLogic_9.sol,,"======================================================================
  Reentrancy Guardian - Semantic ICFG Reentrancy Detector
======================================================================
[0.0%] Phase 1: Parsing: 0/4
[-] Failed to load project: Invalid compilation: 
Invalid solc compilation, none of the solc versions provided worked:
0.8.7: Invalid solc compilation Error: Source ""D:/code/dependencies/openzeppelin/contracts/IERC20.sol"" not found: File not found.

 --> D:/code/icfg/datasets/All_contract_DB1/ReserveLogic_1.sol:4:1:

  |

4 | import {IERC20} from '../../../dependencies/openzeppelin/contracts/IERC20.sol';

  | ^^^^^^^^^^^^^^^^^^^^^^^^^^^^^^^^^^^^^^^^^^^^^^^^^^^^^^^^^^^^^^^^^^^^^^^^^^^^^^^



Error: Source ""D:/code/dependencies/openzeppelin/contracts/SafeERC20.sol"" not found: File not found.

 --> D:/code/icfg/datasets/All_contract_DB1/ReserveLogic_1.sol:5:1:

  |

5 | import {SafeERC20} from '../../../dependencies/openzeppelin/contracts/SafeERC20.sol';

  | ^^^^^^^^^^^^^^^^^^^^^^^^^^^^^^^^^^^^^^^^^^^^^^^^^^^^^^^^^^^^^^^^^^^^^^^^^^^^^^^^^^^^^



Error: Source ""D:/code/interfaces/IAToken.sol"" not found: File not found.

 --> D:/code/icfg/datasets/All_contract_DB1/ReserveLogic_1.sol:6:1:

  |

6 | import {IAToken} from '../../../interfaces/IAToken.sol';

  | ^^^^^^^^^^^^^^^^^^^^^^^^^^^^^^^^^^^^^^^^^^^^^^^^^^^^^^^^



Error: Source ""D:/code/interfaces/IStableDebtToken.sol"" not found: File not found.

 --> D:/code/icfg/datasets/All_contract_DB1/ReserveLogic_1.sol:7:1:

  |

7 | import {IStableDebtToken} from '../../../interfaces/IStableDebtToken.sol';

  | ^^^^^^^^^^^^^^^^^^^^^^^^^^^^^^^^^^^^^^^^^^^^^^^^^^^^^^^^^^^^^^^^^^^^^^^^^^



Error: Source ""D:/code/interfaces/IVariableDebtToken.sol"" not found: File not found.

 --> D:/code/icfg/datasets/All_contract_DB1/ReserveLogic_1.sol:8:1:

  |

8 | import {IVariableDebtToken} from '../../../interfaces/IVariableDebtToken.sol';

  | ^^^^^^^^^^^^^^^^^^^^^^^^^^^^^^^^^^^^^^^^^^^^^^^^^^^^^^^^^
...[truncated]"
db1_0566_rocketdaonodetrusted_1,RocketDAONodeTrusted_1.sol,92cc1764584dadb10cbfc8923af73a831f4e31f9,,,timeout,240.029358199914,,,,,True,13.256525171920657,datasets\All_contract_DB1\RocketDAONodeTrusted_1.sol,,Process timeout after 240s
db1_0567_rocketdepositpool_1,RocketDepositPool_1.sol,32e4397d623aa2e2bf55f587ba3d4a882bc36f9c,,,compile_failed,2.0154044999508187,,,,,False,0.9545916337519884,datasets\All_contract_DB1\RocketDepositPool_1.sol,,"======================================================================
  Reentrancy Guardian - Semantic ICFG Reentrancy Detector
======================================================================
[0.0%] Phase 1: Parsing: 0/4
[-] Failed to load project: Invalid compilation: 
Invalid solc compilation, none of the solc versions provided worked:
0.7.6: Invalid solc compilation Error: Identifier not found or not unique.

   --> D:/code/icfg/datasets/All_contract_DB1/RocketDepositPool_1.sol:461:49:

    |

461 |     function getStatus() external view returns (MinipoolStatus);

    |                                                 ^^^^^^^^^^^^^^




[ERROR] Analysis failed: Invalid compilation: 
Invalid solc compilation, none of the solc versions provided worked:
0.7.6: Invalid solc compilation Error: Identifier not found or not unique.

   --> D:/code/icfg/datasets/All_contract_DB1/RocketDepositPool_1.sol:461:49:

    |

461 |     function getStatus() external view returns (MinipoolStatus);

    |                                                 ^^^^^^^^^^^^^^





[ERROR] Analysis failed: Invalid compilation: 
Invalid solc compilation, none of the solc versions provided worked:
0.7.6: Invalid solc compilation Error: Identifier not found or not unique.

   --> D:/code/icfg/datasets/All_contract_DB1/RocketDepositPool_1.sol:461:49:

    |

461 |     function getStatus() external view returns (MinipoolStatus);

    |                                                 ^^^^^^^^^^^^^^"
db1_0568_rocketminipooldelegate_1,RocketMinipoolDelegate_1.sol,ec516b58646eeae20dcdc18d31992992af8403f1,,,timeout,240.01995330001228,,,,,True,4.14347231388092,datasets\All_contract_DB1\RocketMinipoolDelegate_1.sol,,Process timeout after 240s
db1_0569_rocketnodestaking_1,RocketNodeStaking_1.sol,1f3beed7533ccc961199c08409bd542236843f02,,,compile_failed,3.213960799970664,,,,,False,0.9642646852880716,datasets\All_contract_DB1\RocketNodeStaking_1.sol,,"======================================================================
  Reentrancy Guardian - Semantic ICFG Reentrancy Detector
======================================================================
[0.0%] Phase 1: Parsing: 0/4
[-] Failed to load project: Invalid compilation: 
Invalid solc compilation, none of the solc versions provided worked:
0.7.6: Invalid solc compilation Error: Identifier not found or not unique.

   --> D:/code/icfg/datasets/All_contract_DB1/RocketNodeStaking_1.sol:443:51:

    |

443 |     function createMinipool(address _nodeAddress, MinipoolDeposit _depositType) external returns (address);

    |                                                   ^^^^^^^^^^^^^^^




[ERROR] Analysis failed: Invalid compilation: 
Invalid solc compilation, none of the solc versions provided worked:
0.7.6: Invalid solc compilation Error: Identifier not found or not unique.

   --> D:/code/icfg/datasets/All_contract_DB1/RocketNodeStaking_1.sol:443:51:

    |

443 |     function createMinipool(address _nodeAddress, MinipoolDeposit _depositType) external returns (address);

    |                                                   ^^^^^^^^^^^^^^^





[ERROR] Analysis failed: Invalid compilation: 
Invalid solc compilation, none of the solc versions provided worked:
0.7.6: Invalid solc compilation Error: Identifier not found or not unique.

   --> D:/code/icfg/datasets/All_contract_DB1/RocketNodeStaking_1.sol:443:51:

    |

443 |     function createMinipool(address _nodeAddress, MinipoolDeposit _depositType) external returns (address);

    |                                                   ^^^^^^^^^^^^^^^"
db1_0570_rocketnodestaking_2,RocketNodeStaking_2.sol,1f3beed7533ccc961199c08409bd542236843f02,db1_0569_rocketnodestaking_1,,compile_failed,3.213960799970664,,,,,False,0.9228102639317513,datasets\All_contract_DB1\RocketNodeStaking_2.sol,,"======================================================================
  Reentrancy Guardian - Semantic ICFG Reentrancy Detector
======================================================================
[0.0%] Phase 1: Parsing: 0/4
[-] Failed to load project: Invalid compilation: 
Invalid solc compilation, none of the solc versions provided worked:
0.7.6: Invalid solc compilation Error: Identifier not found or not unique.

   --> D:/code/icfg/datasets/All_contract_DB1/RocketNodeStaking_1.sol:443:51:

    |

443 |     function createMinipool(address _nodeAddress, MinipoolDeposit _depositType) external returns (address);

    |                                                   ^^^^^^^^^^^^^^^




[ERROR] Analysis failed: Invalid compilation: 
Invalid solc compilation, none of the solc versions provided worked:
0.7.6: Invalid solc compilation Error: Identifier not found or not unique.

   --> D:/code/icfg/datasets/All_contract_DB1/RocketNodeStaking_1.sol:443:51:

    |

443 |     function createMinipool(address _nodeAddress, MinipoolDeposit _depositType) external returns (address);

    |                                                   ^^^^^^^^^^^^^^^





[ERROR] Analysis failed: Invalid compilation: 
Invalid solc compilation, none of the solc versions provided worked:
0.7.6: Invalid solc compilation Error: Identifier not found or not unique.

   --> D:/code/icfg/datasets/All_contract_DB1/RocketNodeStaking_1.sol:443:51:

    |

443 |     function createMinipool(address _nodeAddress, MinipoolDeposit _depositType) external returns (address);

    |                                                   ^^^^^^^^^^^^^^^"
db1_0571_rockettokenreth_1,RocketTokenRETH_1.sol,0e2e140fc75dce5823c19a7b3863369d3badba9a,,,timeout,240.0184705000138,,,,,True,7.549380447715521,datasets\All_contract_DB1\RocketTokenRETH_1.sol,,Process timeout after 240s
db1_0572_roles_1,Roles_1.sol,df447046442db7d5222725301fd5e9ea0a93d9ac,,0,ok,2.0146243000635877,0,0,0,0,False,0.9814911596477032,datasets\All_contract_DB1\Roles_1.sol,,
db1_0573_roles_10,Roles_10.sol,df447046442db7d5222725301fd5e9ea0a93d9ac,db1_0572_roles_1,0,ok,2.0146243000635877,0,0,0,0,False,0.9937103502452374,datasets\All_contract_DB1\Roles_10.sol,,
db1_0574_roles_11,Roles_11.sol,df447046442db7d5222725301fd5e9ea0a93d9ac,db1_0572_roles_1,0,ok,2.0146243000635877,0,0,0,0,False,0.9862455856055021,datasets\All_contract_DB1\Roles_11.sol,,
db1_0575_roles_12,Roles_12.sol,df447046442db7d5222725301fd5e9ea0a93d9ac,db1_0572_roles_1,0,ok,2.0146243000635877,0,0,0,0,False,0.9953650571405888,datasets\All_contract_DB1\Roles_12.sol,,
db1_0576_roles_13,Roles_13.sol,df447046442db7d5222725301fd5e9ea0a93d9ac,db1_0572_roles_1,0,ok,2.0146243000635877,0,0,0,0,False,0.9968911465257406,datasets\All_contract_DB1\Roles_13.sol,,
db1_0577_roles_14,Roles_14.sol,df447046442db7d5222725301fd5e9ea0a93d9ac,db1_0572_roles_1,0,ok,2.0146243000635877,0,0,0,0,False,0.979449050500989,datasets\All_contract_DB1\Roles_14.sol,,
db1_0578_roles_15,Roles_15.sol,df447046442db7d5222725301fd5e9ea0a93d9ac,db1_0572_roles_1,0,ok,2.0146243000635877,0,0,0,0,False,0.9865097105503082,datasets\All_contract_DB1\Roles_15.sol,,
db1_0579_roles_16,Roles_16.sol,df447046442db7d5222725301fd5e9ea0a93d9ac,db1_0572_roles_1,0,ok,2.0146243000635877,0,0,0,0,False,1.0045133829116821,datasets\All_contract_DB1\Roles_16.sol,,
db1_0580_roles_17,Roles_17.sol,df447046442db7d5222725301fd5e9ea0a93d9ac,db1_0572_roles_1,0,ok,2.0146243000635877,0,0,0,0,False,0.9867649842053652,datasets\All_contract_DB1\Roles_17.sol,,
db1_0581_roles_2,Roles_2.sol,df447046442db7d5222725301fd5e9ea0a93d9ac,db1_0572_roles_1,0,ok,2.0146243000635877,0,0,0,0,False,0.977971388027072,datasets\All_contract_DB1\Roles_2.sol,,
db1_0582_roles_3,Roles_3.sol,df447046442db7d5222725301fd5e9ea0a93d9ac,db1_0572_roles_1,0,ok,2.0146243000635877,0,0,0,0,False,0.9909595288336277,datasets\All_contract_DB1\Roles_3.sol,,
db1_0583_roles_4,Roles_4.sol,df447046442db7d5222725301fd5e9ea0a93d9ac,db1_0572_roles_1,0,ok,2.0146243000635877,0,0,0,0,False,0.9878471996635199,datasets\All_contract_DB1\Roles_4.sol,,
db1_0584_roles_5,Roles_5.sol,df447046442db7d5222725301fd5e9ea0a93d9ac,db1_0572_roles_1,0,ok,2.0146243000635877,0,0,0,0,False,0.9896152764558792,datasets\All_contract_DB1\Roles_5.sol,,
db1_0585_roles_6,Roles_6.sol,df447046442db7d5222725301fd5e9ea0a93d9ac,db1_0572_roles_1,0,ok,2.0146243000635877,0,0,0,0,False,0.9988159127533436,datasets\All_contract_DB1\Roles_6.sol,,
db1_0586_roles_7,Roles_7.sol,df447046442db7d5222725301fd5e9ea0a93d9ac,db1_0572_roles_1,0,ok,2.0146243000635877,0,0,0,0,False,0.9877375308424234,datasets\All_contract_DB1\Roles_7.sol,,
db1_0587_roles_8,Roles_8.sol,df447046442db7d5222725301fd5e9ea0a93d9ac,db1_0572_roles_1,0,ok,2.0146243000635877,0,0,0,0,False,0.9802919123321772,datasets\All_contract_DB1\Roles_8.sol,,
db1_0588_roles_9,Roles_9.sol,df447046442db7d5222725301fd5e9ea0a93d9ac,db1_0572_roles_1,0,ok,2.0146243000635877,0,0,0,0,False,0.9906286206096411,datasets\All_contract_DB1\Roles_9.sol,,
db1_0589_roots_1,Roots_1.sol,0121ab90482a9fe6b2b27fba1024a56b35be8f1e,,,compile_failed,3.537657000008039,,,,,False,0.8494925536215305,datasets\All_contract_DB1\Roots_1.sol,,"======================================================================
  Reentrancy Guardian - Semantic ICFG Reentrancy Detector
======================================================================
[0.0%] Phase 1: Parsing: 0/4
[-] Failed to load project: Invalid compilation: 
Invalid solc compilation, none of the solc versions provided worked:
0.4.13: Invalid solc compilation D:\code\icfg\datasets\All_contract_DB1\Roots_1.sol:10:39: Error: Expected token LBrace got reserved keyword 'Pure'

    function sqrt(uint256 x) internal pure returns (uint256) {

                                      ^


[ERROR] Analysis failed: Invalid compilation: 
Invalid solc compilation, none of the solc versions provided worked:
0.4.13: Invalid solc compilation D:\code\icfg\datasets\All_contract_DB1\Roots_1.sol:10:39: Error: Expected token LBrace got reserved keyword 'Pure'

    function sqrt(uint256 x) internal pure returns (uint256) {

                                      ^



[ERROR] Analysis failed: Invalid compilation: 
Invalid solc compilation, none of the solc versions provided worked:
0.4.13: Invalid solc compilation D:\code\icfg\datasets\All_contract_DB1\Roots_1.sol:10:39: Error: Expected token LBrace got reserved keyword 'Pure'

    function sqrt(uint256 x) internal pure returns (uint256) {

                                      ^"
db1_0590_rtoken_1,RToken_1.sol,78aa6a88664b68b8d5b1ae1525415b606fdc3b4f,,,timeout,240.01405290002003,,,,,True,49.05496337451041,datasets\All_contract_DB1\RToken_1.sol,,Process timeout after 240s
db1_0591_rtoken_10,RToken_10.sol,78aa6a88664b68b8d5b1ae1525415b606fdc3b4f,db1_0590_rtoken_1,,timeout,240.01405290002003,,,,,True,42.52372841909528,datasets\All_contract_DB1\RToken_10.sol,,Process timeout after 240s
db1_0592_rtoken_11,RToken_11.sol,78aa6a88664b68b8d5b1ae1525415b606fdc3b4f,db1_0590_rtoken_1,,timeout,240.01405290002003,,,,,True,46.15781939774752,datasets\All_contract_DB1\RToken_11.sol,,Process timeout after 240s
db1_0593_rtoken_12,RToken_12.sol,78aa6a88664b68b8d5b1ae1525415b606fdc3b4f,db1_0590_rtoken_1,,timeout,240.01405290002003,,,,,True,48.58438048325479,datasets\All_contract_DB1\RToken_12.sol,,Process timeout after 240s
db1_0594_rtoken_13,RToken_13.sol,78aa6a88664b68b8d5b1ae1525415b606fdc3b4f,db1_0590_rtoken_1,,timeout,240.01405290002003,,,,,True,46.29468893818557,datasets\All_contract_DB1\RToken_13.sol,,Process timeout after 240s
db1_0595_rtoken_14,RToken_14.sol,78aa6a88664b68b8d5b1ae1525415b606fdc3b4f,db1_0590_rtoken_1,,timeout,240.01405290002003,,,,,True,48.18417236581445,datasets\All_contract_DB1\RToken_14.sol,,Process timeout after 240s
db1_0596_rtoken_15,RToken_15.sol,78aa6a88664b68b8d5b1ae1525415b606fdc3b4f,db1_0590_rtoken_1,,timeout,240.01405290002003,,,,,True,53.50247969664633,datasets\All_contract_DB1\RToken_15.sol,,Process timeout after 240s
db1_0597_rtoken_16,RToken_16.sol,78aa6a88664b68b8d5b1ae1525415b606fdc3b4f,db1_0590_rtoken_1,,timeout,240.01405290002003,,,,,True,44.348234532400966,datasets\All_contract_DB1\RToken_16.sol,,Process timeout after 240s
db1_0598_rtoken_17,RToken_17.sol,78aa6a88664b68b8d5b1ae1525415b606fdc3b4f,db1_0590_rtoken_1,,timeout,240.01405290002003,,,,,True,43.34045401401818,datasets\All_contract_DB1\RToken_17.sol,,Process timeout after 240s
db1_0599_rtoken_18,RToken_18.sol,78aa6a88664b68b8d5b1ae1525415b606fdc3b4f,db1_0590_rtoken_1,,timeout,240.01405290002003,,,,,True,70.5362442266196,datasets\All_contract_DB1\RToken_18.sol,,Process timeout after 240s
db1_0600_rtoken_19,RToken_19.sol,78aa6a88664b68b8d5b1ae1525415b606fdc3b4f,db1_0590_rtoken_1,,timeout,240.01405290002003,,,,,True,41.75788603909314,datasets\All_contract_DB1\RToken_19.sol,,Process timeout after 240s
db1_0601_rtoken_2,RToken_2.sol,78aa6a88664b68b8d5b1ae1525415b606fdc3b4f,db1_0590_rtoken_1,,timeout,240.01405290002003,,,,,True,46.74883438833058,datasets\All_contract_DB1\RToken_2.sol,,Process timeout after 240s
db1_0602_rtoken_20,RToken_20.sol,78aa6a88664b68b8d5b1ae1525415b606fdc3b4f,db1_0590_rtoken_1,,timeout,240.01405290002003,,,,,True,43.680704521015286,datasets\All_contract_DB1\RToken_20.sol,,Process timeout after 240s
db1_0603_rtoken_21,RToken_21.sol,78aa6a88664b68b8d5b1ae1525415b606fdc3b4f,db1_0590_rtoken_1,,timeout,240.01405290002003,,,,,True,59.113421412184834,datasets\All_contract_DB1\RToken_21.sol,,Process timeout after 240s
db1_0604_rtoken_22,RToken_22.sol,78aa6a88664b68b8d5b1ae1525415b606fdc3b4f,db1_0590_rtoken_1,,timeout,240.01405290002003,,,,,True,48.55904375575483,datasets\All_contract_DB1\RToken_22.sol,,Process timeout after 240s
db1_0605_rtoken_23,RToken_23.sol,78aa6a88664b68b8d5b1ae1525415b606fdc3b4f,db1_0590_rtoken_1,,timeout,240.01405290002003,,,,,True,45.57580582052469,datasets\All_contract_DB1\RToken_23.sol,,Process timeout after 240s
db1_0606_rtoken_24,RToken_24.sol,78aa6a88664b68b8d5b1ae1525415b606fdc3b4f,db1_0590_rtoken_1,,timeout,240.01405290002003,,,,,True,44.07686289399862,datasets\All_contract_DB1\RToken_24.sol,,Process timeout after 240s
db1_0607_rtoken_25,RToken_25.sol,78aa6a88664b68b8d5b1ae1525415b606fdc3b4f,db1_0590_rtoken_1,,timeout,240.01405290002003,,,,,True,43.74745984561741,datasets\All_contract_DB1\RToken_25.sol,,Process timeout after 240s
db1_0608_rtoken_26,RToken_26.sol,78aa6a88664b68b8d5b1ae1525415b606fdc3b4f,db1_0590_rtoken_1,,timeout,240.01405290002003,,,,,True,46.035967538133264,datasets\All_contract_DB1\RToken_26.sol,,Process timeout after 240s
db1_0609_rtoken_27,RToken_27.sol,78aa6a88664b68b8d5b1ae1525415b606fdc3b4f,db1_0590_rtoken_1,,timeout,240.01405290002003,,,,,True,44.0902210585773,datasets\All_contract_DB1\RToken_27.sol,,Process timeout after 240s
db1_0610_rtoken_28,RToken_28.sol,78aa6a88664b68b8d5b1ae1525415b606fdc3b4f,db1_0590_rtoken_1,,timeout,240.01405290002003,,,,,True,45.942046685144305,datasets\All_contract_DB1\RToken_28.sol,,Process timeout after 240s
db1_0611_rtoken_3,RToken_3.sol,78aa6a88664b68b8d5b1ae1525415b606fdc3b4f,db1_0590_rtoken_1,,timeout,240.01405290002003,,,,,True,50.996383022516966,datasets\All_contract_DB1\RToken_3.sol,,Process timeout after 240s
db1_0612_rtoken_4,RToken_4.sol,78aa6a88664b68b8d5b1ae1525415b606fdc3b4f,db1_0590_rtoken_1,,timeout,240.01405290002003,,,,,True,48.40862505324185,datasets\All_contract_DB1\RToken_4.sol,,Process timeout after 240s
db1_0613_rtoken_5,RToken_5.sol,78aa6a88664b68b8d5b1ae1525415b606fdc3b4f,db1_0590_rtoken_1,,timeout,240.01405290002003,,,,,True,55.732338201254606,datasets\All_contract_DB1\RToken_5.sol,,Process timeout after 240s
db1_0614_rtoken_6,RToken_6.sol,78aa6a88664b68b8d5b1ae1525415b606fdc3b4f,db1_0590_rtoken_1,,timeout,240.01405290002003,,,,,True,48.63724819943309,datasets\All_contract_DB1\RToken_6.sol,,Process timeout after 240s
db1_0615_rtoken_7,RToken_7.sol,78aa6a88664b68b8d5b1ae1525415b606fdc3b4f,db1_0590_rtoken_1,,timeout,240.01405290002003,,,,,True,49.00594890490174,datasets\All_contract_DB1\RToken_7.sol,,Process timeout after 240s
db1_0616_rtoken_8,RToken_8.sol,78aa6a88664b68b8d5b1ae1525415b606fdc3b4f,db1_0590_rtoken_1,,timeout,240.01405290002003,,,,,True,55.521658981218934,datasets\All_contract_DB1\RToken_8.sol,,Process timeout after 240s
db1_0617_rtoken_9,RToken_9.sol,78aa6a88664b68b8d5b1ae1525415b606fdc3b4f,db1_0590_rtoken_1,,timeout,240.01405290002003,,,,,True,48.85516614280641,datasets\All_contract_DB1\RToken_9.sol,,Process timeout after 240s
db1_0618_safemath_1,SafeMath_1.sol,c00ae3154eb19cded87cc6b989c20681dc8c7c06,,0,ok,1.9111285000108182,0,0,0,0,False,0.945972379297018,datasets\All_contract_DB1\SafeMath_1.sol,,
db1_0619_schainsinternal_1,SchainsInternal_1.sol,30cfc152ee7535474f9b0f6222e3a2c625f65fd2,,,timeout,240.02721400000155,,,,,False,0.9187262449413538,datasets\All_contract_DB1\SchainsInternal_1.sol,,Process timeout after 240s
db1_0620_schainsinternal_2,SchainsInternal_2.sol,30cfc152ee7535474f9b0f6222e3a2c625f65fd2,db1_0619_schainsinternal_1,,timeout,240.02721400000155,,,,,False,0.9176929984241724,datasets\All_contract_DB1\SchainsInternal_2.sol,,Process timeout after 240s
db1_0621_schainsinternal_3,SchainsInternal_3.sol,30cfc152ee7535474f9b0f6222e3a2c625f65fd2,db1_0619_schainsinternal_1,,timeout,240.02721400000155,,,,,False,0.9164609927684069,datasets\All_contract_DB1\SchainsInternal_3.sol,,Process timeout after 240s
db1_0622_shibalibrary_1,ShibaLibrary_1.sol,0e86c0480e522b865782578c4dca0a308f1d7827,,0,ok,6.749032899970189,0,0,0,0,False,1.1596000082790852,datasets\All_contract_DB1\ShibaLibrary_1.sol,,
db1_0623_sigmoidcuratorvault_1,SigmoidCuratorVault_1.sol,3f26576676386260ad3ef55ca7fbcff85b9fad27,,1,ok,3.108247199910693,3,3,0,0,,,datasets\All_contract_DB1\SigmoidCuratorVault_1.sol,results\all_contract_db1_reentrancy\reports\db1_0623_sigmoidcuratorvault_1,
db1_0624_simplemultisig_1,SimpleMultiSig_1.sol,9cc332097fdd67c1a1084e9a71ba51355072a9fc,,0,ok,2.1604166999459267,0,0,0,0,False,1.149198330938816,datasets\All_contract_DB1\SimpleMultiSig_1.sol,,
db1_0625_smaoracle_1,SMAOracle_1.sol,e1773a0fb2e197f1d3483d9b0be71d615e5aad3c,,,compile_failed,3.012150799972005,,,,,False,0.9042618311941624,datasets\All_contract_DB1\SMAOracle_1.sol,,"======================================================================
  Reentrancy Guardian - Semantic ICFG Reentrancy Detector
======================================================================
[0.0%] Phase 1: Parsing: 0/4
[-] Failed to load project: Invalid compilation: 
Invalid solc compilation, none of the solc versions provided worked:
0.8.7: Invalid solc compilation Error: Source ""D:/code/icfg/datasets/interfaces/IOracleWrapper.sol"" not found: File not found.

 --> D:/code/icfg/datasets/All_contract_DB1/SMAOracle_1.sol:3:1:

  |

3 | import ""../interfaces/IOracleWrapper.sol"";

  | ^^^^^^^^^^^^^^^^^^^^^^^^^^^^^^^^^^^^^^^^^^



Error: Source ""D:/code/icfg/datasets/interfaces/IPriceObserver.sol"" not found: File not found.

 --> D:/code/icfg/datasets/All_contract_DB1/SMAOracle_1.sol:4:1:

  |

4 | import ""../interfaces/IPriceObserver.sol"";

  | ^^^^^^^^^^^^^^^^^^^^^^^^^^^^^^^^^^^^^^^^^^



Error: Source ""D:/code/icfg/datasets/implementation/PriceObserver.sol"" not found: File not found.

 --> D:/code/icfg/datasets/All_contract_DB1/SMAOracle_1.sol:5:1:

  |

5 | import ""../implementation/PriceObserver.sol"";

  | ^^^^^^^^^^^^^^^^^^^^^^^^^^^^^^^^^^^^^^^^^^^^^



Error: Source ""prb-math/contracts/PRBMathSD59x18.sol"" not found: File not found.

 --> D:/code/icfg/datasets/All_contract_DB1/SMAOracle_1.sol:6:1:

  |

6 | import ""prb-math/contracts/PRBMathSD59x18.sol"";

  | ^^^^^^^^^^^^^^^^^^^^^^^^^^^^^^^^^^^^^^^^^^^^^^^




[ERROR] Analysis failed: Invalid compilation: 
Invalid solc compilation, none of the solc versions provided worked:
0.8.7: Invalid solc compilation Error: Source ""D:/code/icfg/datasets/interfaces/IOracleWrapper.sol"" not found: File not found.

 --> D:/code/icfg/datasets/All_contract_DB1/SMAOracle_1.sol:3:1:

  |

3 | import ""../interfaces/IOracleWrapper.sol"";

  | ^^^^^^^^^^^^^^^^^^^^^^^^^^^^^^^^^^^^^^^^^^



Error: Source ""D:/code/icfg/datasets/interfaces/IPriceObserver.sol"" not found: File not found.

 --> D:/code/icfg/datasets/All
...[truncated]"
db1_0626_smaoracle_2,SMAOracle_2.sol,e1773a0fb2e197f1d3483d9b0be71d615e5aad3c,db1_0625_smaoracle_1,,compile_failed,3.012150799972005,,,,,False,0.9122515432536602,datasets\All_contract_DB1\SMAOracle_2.sol,,"======================================================================
  Reentrancy Guardian - Semantic ICFG Reentrancy Detector
======================================================================
[0.0%] Phase 1: Parsing: 0/4
[-] Failed to load project: Invalid compilation: 
Invalid solc compilation, none of the solc versions provided worked:
0.8.7: Invalid solc compilation Error: Source ""D:/code/icfg/datasets/interfaces/IOracleWrapper.sol"" not found: File not found.

 --> D:/code/icfg/datasets/All_contract_DB1/SMAOracle_1.sol:3:1:

  |

3 | import ""../interfaces/IOracleWrapper.sol"";

  | ^^^^^^^^^^^^^^^^^^^^^^^^^^^^^^^^^^^^^^^^^^



Error: Source ""D:/code/icfg/datasets/interfaces/IPriceObserver.sol"" not found: File not found.

 --> D:/code/icfg/datasets/All_contract_DB1/SMAOracle_1.sol:4:1:

  |

4 | import ""../interfaces/IPriceObserver.sol"";

  | ^^^^^^^^^^^^^^^^^^^^^^^^^^^^^^^^^^^^^^^^^^



Error: Source ""D:/code/icfg/datasets/implementation/PriceObserver.sol"" not found: File not found.

 --> D:/code/icfg/datasets/All_contract_DB1/SMAOracle_1.sol:5:1:

  |

5 | import ""../implementation/PriceObserver.sol"";

  | ^^^^^^^^^^^^^^^^^^^^^^^^^^^^^^^^^^^^^^^^^^^^^



Error: Source ""prb-math/contracts/PRBMathSD59x18.sol"" not found: File not found.

 --> D:/code/icfg/datasets/All_contract_DB1/SMAOracle_1.sol:6:1:

  |

6 | import ""prb-math/contracts/PRBMathSD59x18.sol"";

  | ^^^^^^^^^^^^^^^^^^^^^^^^^^^^^^^^^^^^^^^^^^^^^^^




[ERROR] Analysis failed: Invalid compilation: 
Invalid solc compilation, none of the solc versions provided worked:
0.8.7: Invalid solc compilation Error: Source ""D:/code/icfg/datasets/interfaces/IOracleWrapper.sol"" not found: File not found.

 --> D:/code/icfg/datasets/All_contract_DB1/SMAOracle_1.sol:3:1:

  |

3 | import ""../interfaces/IOracleWrapper.sol"";

  | ^^^^^^^^^^^^^^^^^^^^^^^^^^^^^^^^^^^^^^^^^^



Error: Source ""D:/code/icfg/datasets/interfaces/IPriceObserver.sol"" not found: File not found.

 --> D:/code/icfg/datasets/All
...[truncated]"
db1_0627_spacedogecoin_1,SpaceDogeCoin_1.sol,a78fdb1d22320b89e87c4956c0b15da770fe45e0,,1,ok,50.059324600035325,3,3,0,0,False,10.337690064683557,datasets\All_contract_DB1\SpaceDogeCoin_1.sol,results\all_contract_db1_reentrancy\reports\db1_0627_spacedogecoin_1,
db1_0628_spacedogecoin_2,SpaceDogeCoin_2.sol,a78fdb1d22320b89e87c4956c0b15da770fe45e0,db1_0627_spacedogecoin_1,1,ok,50.059324600035325,3,3,0,0,False,10.245133060961962,datasets\All_contract_DB1\SpaceDogeCoin_2.sol,results\all_contract_db1_reentrancy\reports\db1_0627_spacedogecoin_1,
db1_0629_spiritrouter_1,SpiritRouter_1.sol,d27cf63b16451e9ad65b910c7a88880b367d7477,,0,ok,4.517283399938606,0,0,0,0,,,datasets\All_contract_DB1\SpiritRouter_1.sol,,
db1_0630_stabilitypool_1,StabilityPool_1.sol,8eed1249419f6c1b74dcb1f1bda3ec15b37f7459,,1,ok,80.44163220003247,38,37,0,1,,,datasets\All_contract_DB1\StabilityPool_1.sol,results\all_contract_db1_reentrancy\reports\db1_0630_stabilitypool_1,
db1_0631_stabilitypool_2,StabilityPool_2.sol,8eed1249419f6c1b74dcb1f1bda3ec15b37f7459,db1_0630_stabilitypool_1,1,ok,80.44163220003247,38,37,0,1,,,datasets\All_contract_DB1\StabilityPool_2.sol,results\all_contract_db1_reentrancy\reports\db1_0630_stabilitypool_1,
db1_0632_stabilitypool_3,StabilityPool_3.sol,8eed1249419f6c1b74dcb1f1bda3ec15b37f7459,db1_0630_stabilitypool_1,1,ok,80.44163220003247,38,37,0,1,,,datasets\All_contract_DB1\StabilityPool_3.sol,results\all_contract_db1_reentrancy\reports\db1_0630_stabilitypool_1,
db1_0633_stakefisherc721wrapper_1,StakefishERC721Wrapper_1.sol,5a228c8eb14689bbba748ced698401098ffc0802,,1,ok,2.1923330000136048,2,2,0,0,True,73.43393879942596,datasets\All_contract_DB1\StakefishERC721Wrapper_1.sol,results\all_contract_db1_reentrancy\reports\db1_0633_stakefisherc721wrapper_1,
db1_0634_stakefishservicescontract_1,StakefishServicesContract_1.sol,722ca1b48da19781ab7a8400b9d6f7351d6af3b6,,0,ok,6.5279064000351354,0,0,0,0,False,139.99120378494263,datasets\All_contract_DB1\StakefishServicesContract_1.sol,,
db1_0635_stakefishservicescontract_2,StakefishServicesContract_2.sol,722ca1b48da19781ab7a8400b9d6f7351d6af3b6,db1_0634_stakefishservicescontract_1,0,ok,6.5279064000351354,0,0,0,0,False,110.82413567975163,datasets\All_contract_DB1\StakefishServicesContract_2.sol,,
db1_0636_stakefishservicescontract_3,StakefishServicesContract_3.sol,722ca1b48da19781ab7a8400b9d6f7351d6af3b6,db1_0634_stakefishservicescontract_1,0,ok,6.5279064000351354,0,0,0,0,False,141.79868810251355,datasets\All_contract_DB1\StakefishServicesContract_3.sol,,
db1_0637_stakefishservicescontract_4,StakefishServicesContract_4.sol,722ca1b48da19781ab7a8400b9d6f7351d6af3b6,db1_0634_stakefishservicescontract_1,0,ok,6.5279064000351354,0,0,0,0,False,158.15946551598608,datasets\All_contract_DB1\StakefishServicesContract_4.sol,,
db1_0638_stakefishservicescontract_5,StakefishServicesContract_5.sol,722ca1b48da19781ab7a8400b9d6f7351d6af3b6,db1_0634_stakefishservicescontract_1,0,ok,6.5279064000351354,0,0,0,0,False,138.7920878175646,datasets\All_contract_DB1\StakefishServicesContract_5.sol,,
db1_0639_stakefishservicescontract_6,StakefishServicesContract_6.sol,722ca1b48da19781ab7a8400b9d6f7351d6af3b6,db1_0634_stakefishservicescontract_1,0,ok,6.5279064000351354,0,0,0,0,False,135.96834210120142,datasets\All_contract_DB1\StakefishServicesContract_6.sol,,
db1_0640_staking_1,Staking_1.sol,aa90a7fde38ff7b65b92336c4a7808bc48bd5059,,1,ok,2.285924799973145,3,0,0,3,False,81.64157461188734,datasets\All_contract_DB1\Staking_1.sol,results\all_contract_db1_reentrancy\reports\db1_0640_staking_1,
db1_0641_stakingmodel_1,StakingModel_1.sol,3faa469c4d0e7d37a1622c2849306ffcecd34189,,0,ok,1.4871604000218213,0,0,0,0,False,1.5166583489626646,datasets\All_contract_DB1\StakingModel_1.sol,,
db1_0642_stakingmodel_2,StakingModel_2.sol,3faa469c4d0e7d37a1622c2849306ffcecd34189,db1_0641_stakingmodel_1,0,ok,1.4871604000218213,0,0,0,0,False,1.507754111662507,datasets\All_contract_DB1\StakingModel_2.sol,,
db1_0643_stakingproxyuniv3_1,StakingProxyUniV3_1.sol,fe18219497ec7031fd2d979b826e10185938e850,,,compile_failed,1.7726419999962673,,,,,,,datasets\All_contract_DB1\StakingProxyUniV3_1.sol,,"======================================================================
  Reentrancy Guardian - Semantic ICFG Reentrancy Detector
======================================================================
[0.0%] Phase 1: Parsing: 0/4
[-] Failed to load project: Invalid compilation: 
Invalid solc compilation, none of the solc versions provided worked:
0.8.9: 
Solidity version not found:
STDOUT:

STDERR:
Traceback (most recent call last):

  File ""<frozen runpy>"", line 198, in _run_module_as_main

  File ""<frozen runpy>"", line 88, in _run_code

  File ""D:\code\icfg\venv\Scripts\solc.EXE\__main__.py"", line 6, in <module>

    sys.exit(solc())

             ~~~~^^

  File ""D:\code\icfg\venv\Lib\site-packages\solc_select\__main__.py"", line 93, in solc

    res = current_version()

  File ""D:\code\icfg\venv\Lib\site-packages\solc_select\solc_select.py"", line 108, in current_version

    raise argparse.ArgumentTypeError(

    ...<3 lines>...

    )

argparse.ArgumentTypeError: 

Version '0.8.9' not installed (set by SOLC_VERSION).

Run `solc-select install 0.8.9`.

Or use one of the following versions: ['0.4.13', '0.4.19', '0.4.23', '0.4.24', '0.4.25', '0.4.26', '0.4.9', '0.5.0', '0.5.10', '0.5.11', '0.5.16', '0.5.17', '0.5.4', '0.6.10', '0.6.11', '0.6.12', '0.7.5', '0.7.6', '0.8.0', '0.8.10', '0.8.17', '0.8.20', '0.8.30', '0.8.6', '0.8.7']


[ERROR] Analysis failed: Invalid compilation: 
Invalid solc compilation, none of the solc versions provided worked:
0.8.9: 
Solidity version not found:
STDOUT:

STDERR:
Traceback (most recent call last):

  File ""<frozen runpy>"", line 198, in _run_module_as_main

  File ""<frozen runpy>"", line 88, in _run_code

  File ""D:\code\icfg\venv\Scripts\solc.EXE\__main__.py"", line 6, in <module>

    sys.exit(solc())

             ~~~~^^

  File ""D:\code\icfg\venv\Lib\site-packages\solc_select\__main__.py"", line 93, in solc

    res = current_version()

  File ""D:\code\icfg\venv\Lib\site-packages\solc_select\solc_select.py"", line 108,
...[truncated]"
db1_0644_stakingproxyuniv3_2,StakingProxyUniV3_2.sol,fe18219497ec7031fd2d979b826e10185938e850,db1_0643_stakingproxyuniv3_1,,compile_failed,1.7726419999962673,,,,,,,datasets\All_contract_DB1\StakingProxyUniV3_2.sol,,"======================================================================
  Reentrancy Guardian - Semantic ICFG Reentrancy Detector
======================================================================
[0.0%] Phase 1: Parsing: 0/4
[-] Failed to load project: Invalid compilation: 
Invalid solc compilation, none of the solc versions provided worked:
0.8.9: 
Solidity version not found:
STDOUT:

STDERR:
Traceback (most recent call last):

  File ""<frozen runpy>"", line 198, in _run_module_as_main

  File ""<frozen runpy>"", line 88, in _run_code

  File ""D:\code\icfg\venv\Scripts\solc.EXE\__main__.py"", line 6, in <module>

    sys.exit(solc())

             ~~~~^^

  File ""D:\code\icfg\venv\Lib\site-packages\solc_select\__main__.py"", line 93, in solc

    res = current_version()

  File ""D:\code\icfg\venv\Lib\site-packages\solc_select\solc_select.py"", line 108, in current_version

    raise argparse.ArgumentTypeError(

    ...<3 lines>...

    )

argparse.ArgumentTypeError: 

Version '0.8.9' not installed (set by SOLC_VERSION).

Run `solc-select install 0.8.9`.

Or use one of the following versions: ['0.4.13', '0.4.19', '0.4.23', '0.4.24', '0.4.25', '0.4.26', '0.4.9', '0.5.0', '0.5.10', '0.5.11', '0.5.16', '0.5.17', '0.5.4', '0.6.10', '0.6.11', '0.6.12', '0.7.5', '0.7.6', '0.8.0', '0.8.10', '0.8.17', '0.8.20', '0.8.30', '0.8.6', '0.8.7']


[ERROR] Analysis failed: Invalid compilation: 
Invalid solc compilation, none of the solc versions provided worked:
0.8.9: 
Solidity version not found:
STDOUT:

STDERR:
Traceback (most recent call last):

  File ""<frozen runpy>"", line 198, in _run_module_as_main

  File ""<frozen runpy>"", line 88, in _run_code

  File ""D:\code\icfg\venv\Scripts\solc.EXE\__main__.py"", line 6, in <module>

    sys.exit(solc())

             ~~~~^^

  File ""D:\code\icfg\venv\Lib\site-packages\solc_select\__main__.py"", line 93, in solc

    res = current_version()

  File ""D:\code\icfg\venv\Lib\site-packages\solc_select\solc_select.py"", line 108,
...[truncated]"
db1_0645_standardbounties_1,StandardBounties_1.sol,3d2bedb2f6c3e44df6cd06a7c97254fc9c2c606f,,,timeout,240.0201230000239,,,,,,,datasets\All_contract_DB1\StandardBounties_1.sol,,Process timeout after 240s
db1_0646_standardbounties_2,StandardBounties_2.sol,3d2bedb2f6c3e44df6cd06a7c97254fc9c2c606f,db1_0645_standardbounties_1,,timeout,240.0201230000239,,,,,,,datasets\All_contract_DB1\StandardBounties_2.sol,,Process timeout after 240s
db1_0647_standardbounties_3,StandardBounties_3.sol,3d2bedb2f6c3e44df6cd06a7c97254fc9c2c606f,db1_0645_standardbounties_1,,timeout,240.0201230000239,,,,,,,datasets\All_contract_DB1\StandardBounties_3.sol,,Process timeout after 240s
db1_0648_standardbounties_4,StandardBounties_4.sol,3d2bedb2f6c3e44df6cd06a7c97254fc9c2c606f,db1_0645_standardbounties_1,,timeout,240.0201230000239,,,,,,,datasets\All_contract_DB1\StandardBounties_4.sol,,Process timeout after 240s
db1_0649_standardbounties_5,StandardBounties_5.sol,3d2bedb2f6c3e44df6cd06a7c97254fc9c2c606f,db1_0645_standardbounties_1,,timeout,240.0201230000239,,,,,,,datasets\All_contract_DB1\StandardBounties_5.sol,,Process timeout after 240s
db1_0650_stateutils_1,StateUtils_1.sol,80f8d6a6d8503baed1d41ae1a7f01e9617a1bd1b,,0,ok,6.909902299987152,0,0,0,0,False,7.559631263837218,datasets\All_contract_DB1\StateUtils_1.sol,,
db1_0651_storage_1,Storage_1.sol,a167d8649306545c6286b1e40ab685860954b74a,,,compile_failed,1.7505923999706283,,,,,,,datasets\All_contract_DB1\Storage_1.sol,,"======================================================================
  Reentrancy Guardian - Semantic ICFG Reentrancy Detector
======================================================================
[0.0%] Phase 1: Parsing: 0/4
[-] Failed to load project: Invalid compilation: 
Invalid solc compilation, none of the solc versions provided worked:
0.8.20: Invalid solc compilation Error: Source file requires different compiler version (current compiler is 0.8.20+commit.a1b79de6.Windows.msvc) - note that nightly builds are considered to be strictly less than the released version

 --> datasets/All_contract_DB1/Storage_1.sol:1:1:

  |

1 | pragma solidity ""0.8.13"";

  | ^^^^^^^^^^^^^^^^^^^^^^^^^




[ERROR] Analysis failed: Invalid compilation: 
Invalid solc compilation, none of the solc versions provided worked:
0.8.20: Invalid solc compilation Error: Source file requires different compiler version (current compiler is 0.8.20+commit.a1b79de6.Windows.msvc) - note that nightly builds are considered to be strictly less than the released version

 --> datasets/All_contract_DB1/Storage_1.sol:1:1:

  |

1 | pragma solidity ""0.8.13"";

  | ^^^^^^^^^^^^^^^^^^^^^^^^^





[ERROR] Analysis failed: Invalid compilation: 
Invalid solc compilation, none of the solc versions provided worked:
0.8.20: Invalid solc compilation Error: Source file requires different compiler version (current compiler is 0.8.20+commit.a1b79de6.Windows.msvc) - note that nightly builds are considered to be strictly less than the released version

 --> datasets/All_contract_DB1/Storage_1.sol:1:1:

  |

1 | pragma solidity ""0.8.13"";

  | ^^^^^^^^^^^^^^^^^^^^^^^^^"
db1_0652_storageutils_1,StorageUtils_1.sol,61ad2c310ec53f487587d6cc41228236e834852f,,,compile_failed,2.3181027999380603,,,,,False,64.30504045076668,datasets\All_contract_DB1\StorageUtils_1.sol,,"======================================================================
  Reentrancy Guardian - Semantic ICFG Reentrancy Detector
======================================================================
[0.0%] Phase 1: Parsing: 0/4
[-] Failed to load project: Invalid compilation: 
Invalid solc compilation, none of the solc versions provided worked:
0.8.9: 
Solidity version not found:
STDOUT:

STDERR:
Traceback (most recent call last):

  File ""<frozen runpy>"", line 198, in _run_module_as_main

  File ""<frozen runpy>"", line 88, in _run_code

  File ""D:\code\icfg\venv\Scripts\solc.EXE\__main__.py"", line 6, in <module>

    sys.exit(solc())

             ~~~~^^

  File ""D:\code\icfg\venv\Lib\site-packages\solc_select\__main__.py"", line 93, in solc

    res = current_version()

  File ""D:\code\icfg\venv\Lib\site-packages\solc_select\solc_select.py"", line 108, in current_version

    raise argparse.ArgumentTypeError(

    ...<3 lines>...

    )

argparse.ArgumentTypeError: 

Version '0.8.9' not installed (set by SOLC_VERSION).

Run `solc-select install 0.8.9`.

Or use one of the following versions: ['0.4.13', '0.4.19', '0.4.23', '0.4.24', '0.4.25', '0.4.26', '0.4.9', '0.5.0', '0.5.10', '0.5.11', '0.5.16', '0.5.17', '0.5.4', '0.6.10', '0.6.11', '0.6.12', '0.7.5', '0.7.6', '0.8.0', '0.8.10', '0.8.17', '0.8.20', '0.8.30', '0.8.6', '0.8.7']


[ERROR] Analysis failed: Invalid compilation: 
Invalid solc compilation, none of the solc versions provided worked:
0.8.9: 
Solidity version not found:
STDOUT:

STDERR:
Traceback (most recent call last):

  File ""<frozen runpy>"", line 198, in _run_module_as_main

  File ""<frozen runpy>"", line 88, in _run_code

  File ""D:\code\icfg\venv\Scripts\solc.EXE\__main__.py"", line 6, in <module>

    sys.exit(solc())

             ~~~~^^

  File ""D:\code\icfg\venv\Lib\site-packages\solc_select\__main__.py"", line 93, in solc

    res = current_version()

  File ""D:\code\icfg\venv\Lib\site-packages\solc_select\solc_select.py"", line 108,
...[truncated]"
db1_0653_strategy_curve_scrv_v3_1_1,strategy-curve-scrv-v3_1_1.sol,be7159d9af6ec8320681cada9e3fc4f6ece35689,,0,ok,4.5074731999775395,0,0,0,0,True,14.014646412804723,datasets\All_contract_DB1\strategy-curve-scrv-v3_1_1.sol,,
db1_0654_swaputils_1,SwapUtils_1.sol,803a69188f28107d38c59c318fe1d6f789f310bf,,,compile_failed,3.118196600000374,,,,,False,0.9244195092469454,datasets\All_contract_DB1\SwapUtils_1.sol,,"======================================================================
  Reentrancy Guardian - Semantic ICFG Reentrancy Detector
======================================================================
[0.0%] Phase 1: Parsing: 0/4
[-] Failed to load project: Invalid compilation: 
Invalid solc compilation, none of the solc versions provided worked:
0.5.17: Invalid solc compilation D:/code/icfg/datasets/All_contract_DB1/SwapUtils_1.sol:350:42: Error: Expected ';' but got '{'

        (bool success, ) = recipient.call{ value: amount }("""");

                                         ^


[ERROR] Analysis failed: Invalid compilation: 
Invalid solc compilation, none of the solc versions provided worked:
0.5.17: Invalid solc compilation D:/code/icfg/datasets/All_contract_DB1/SwapUtils_1.sol:350:42: Error: Expected ';' but got '{'

        (bool success, ) = recipient.call{ value: amount }("""");

                                         ^



[ERROR] Analysis failed: Invalid compilation: 
Invalid solc compilation, none of the solc versions provided worked:
0.5.17: Invalid solc compilation D:/code/icfg/datasets/All_contract_DB1/SwapUtils_1.sol:350:42: Error: Expected ';' but got '{'

        (bool success, ) = recipient.call{ value: amount }("""");

                                         ^"
db1_0655_thorusdummy_1,ThorusDummy_1.sol,de3a7ce173abfde0f5d4d8495b8353bcc003d30b,,1,ok,2.5635668999748304,2,1,0,1,False,1.1722750812768936,datasets\All_contract_DB1\ThorusDummy_1.sol,results\all_contract_db1_reentrancy\reports\db1_0655_thorusdummy_1,
db1_0656_timehelpers_1,TimeHelpers_1.sol,ac0243cc5e3591632cb28a4ced99b3cc117720e6,,0,ok,1.6251433999277651,0,0,0,0,False,1.09281968139112,datasets\All_contract_DB1\TimeHelpers_1.sol,,
db1_0657_timehelpers_10,TimeHelpers_10.sol,ac0243cc5e3591632cb28a4ced99b3cc117720e6,db1_0656_timehelpers_1,0,ok,1.6251433999277651,0,0,0,0,False,1.0942839961498976,datasets\All_contract_DB1\TimeHelpers_10.sol,,
db1_0658_timehelpers_11,TimeHelpers_11.sol,ac0243cc5e3591632cb28a4ced99b3cc117720e6,db1_0656_timehelpers_1,0,ok,1.6251433999277651,0,0,0,0,False,1.0937210228294134,datasets\All_contract_DB1\TimeHelpers_11.sol,,
db1_0659_timehelpers_12,TimeHelpers_12.sol,ac0243cc5e3591632cb28a4ced99b3cc117720e6,db1_0656_timehelpers_1,0,ok,1.6251433999277651,0,0,0,0,False,1.1061095464974642,datasets\All_contract_DB1\TimeHelpers_12.sol,,
db1_0660_timehelpers_13,TimeHelpers_13.sol,ac0243cc5e3591632cb28a4ced99b3cc117720e6,db1_0656_timehelpers_1,0,ok,1.6251433999277651,0,0,0,0,False,1.093394672498107,datasets\All_contract_DB1\TimeHelpers_13.sol,,
db1_0661_timehelpers_14,TimeHelpers_14.sol,ac0243cc5e3591632cb28a4ced99b3cc117720e6,db1_0656_timehelpers_1,0,ok,1.6251433999277651,0,0,0,0,False,1.1022062972187996,datasets\All_contract_DB1\TimeHelpers_14.sol,,
db1_0662_timehelpers_15,TimeHelpers_15.sol,ac0243cc5e3591632cb28a4ced99b3cc117720e6,db1_0656_timehelpers_1,0,ok,1.6251433999277651,0,0,0,0,False,1.0973060317337513,datasets\All_contract_DB1\TimeHelpers_15.sol,,
db1_0663_timehelpers_16,TimeHelpers_16.sol,ac0243cc5e3591632cb28a4ced99b3cc117720e6,db1_0656_timehelpers_1,0,ok,1.6251433999277651,0,0,0,0,False,1.127807304263115,datasets\All_contract_DB1\TimeHelpers_16.sol,,
db1_0664_timehelpers_17,TimeHelpers_17.sol,ac0243cc5e3591632cb28a4ced99b3cc117720e6,db1_0656_timehelpers_1,0,ok,1.6251433999277651,0,0,0,0,False,1.0978811793029308,datasets\All_contract_DB1\TimeHelpers_17.sol,,
db1_0665_timehelpers_18,TimeHelpers_18.sol,ac0243cc5e3591632cb28a4ced99b3cc117720e6,db1_0656_timehelpers_1,0,ok,1.6251433999277651,0,0,0,0,False,1.0953591335564852,datasets\All_contract_DB1\TimeHelpers_18.sol,,
db1_0666_timehelpers_2,TimeHelpers_2.sol,ac0243cc5e3591632cb28a4ced99b3cc117720e6,db1_0656_timehelpers_1,0,ok,1.6251433999277651,0,0,0,0,False,1.0941303614526987,datasets\All_contract_DB1\TimeHelpers_2.sol,,
db1_0667_timehelpers_3,TimeHelpers_3.sol,ac0243cc5e3591632cb28a4ced99b3cc117720e6,db1_0656_timehelpers_1,0,ok,1.6251433999277651,0,0,0,0,False,1.086775280535221,datasets\All_contract_DB1\TimeHelpers_3.sol,,
db1_0668_timehelpers_4,TimeHelpers_4.sol,ac0243cc5e3591632cb28a4ced99b3cc117720e6,db1_0656_timehelpers_1,0,ok,1.6251433999277651,0,0,0,0,False,1.0987462382763624,datasets\All_contract_DB1\TimeHelpers_4.sol,,
db1_0669_timehelpers_5,TimeHelpers_5.sol,ac0243cc5e3591632cb28a4ced99b3cc117720e6,db1_0656_timehelpers_1,0,ok,1.6251433999277651,0,0,0,0,False,1.0826708227396011,datasets\All_contract_DB1\TimeHelpers_5.sol,,
db1_0670_timehelpers_6,TimeHelpers_6.sol,ac0243cc5e3591632cb28a4ced99b3cc117720e6,db1_0656_timehelpers_1,0,ok,1.6251433999277651,0,0,0,0,False,1.0993085093796253,datasets\All_contract_DB1\TimeHelpers_6.sol,,
db1_0671_timehelpers_7,TimeHelpers_7.sol,ac0243cc5e3591632cb28a4ced99b3cc117720e6,db1_0656_timehelpers_1,0,ok,1.6251433999277651,0,0,0,0,False,1.078106377273798,datasets\All_contract_DB1\TimeHelpers_7.sol,,
db1_0672_timehelpers_8,TimeHelpers_8.sol,ac0243cc5e3591632cb28a4ced99b3cc117720e6,db1_0656_timehelpers_1,0,ok,1.6251433999277651,0,0,0,0,False,1.0930951423943043,datasets\All_contract_DB1\TimeHelpers_8.sol,,
db1_0673_timehelpers_9,TimeHelpers_9.sol,ac0243cc5e3591632cb28a4ced99b3cc117720e6,db1_0656_timehelpers_1,0,ok,1.6251433999277651,0,0,0,0,False,1.1378679387271404,datasets\All_contract_DB1\TimeHelpers_9.sol,,
db1_0674_tokendistributor_1,TokenDistributor_1.sol,60f8510bade02539380f80a5c6061a9e4e87756f,,0,ok,1.9907720999326557,0,0,0,0,True,1.7151039354503155,datasets\All_contract_DB1\TokenDistributor_1.sol,,
db1_0675_tokendistributor_2,TokenDistributor_2.sol,60f8510bade02539380f80a5c6061a9e4e87756f,db1_0674_tokendistributor_1,0,ok,1.9907720999326557,0,0,0,0,True,1.7083805818110704,datasets\All_contract_DB1\TokenDistributor_2.sol,,
db1_0676_tokenminterc20token0x887168120cb89fb06f3e74dc4af20d67df0977f,TokenMintERC20Token0x887168120cb89Fb06F3E74Dc4AF20D67dF0977f6_1.sol,49099115f81e9ecbf7047be276c8ebb3dc175bf7,,0,ok,2.3057336999336258,0,0,0,0,False,3.352743349969387,datasets\All_contract_DB1\TokenMintERC20Token0x887168120cb89Fb06F3E74Dc4AF20D67dF0977f6_1.sol,,
db1_0677_tradecallee_1,TradeCallee_1.sol,355492e8680beda25cd579f5f0e5cbe30efd2029,,0,ok,1.926504599978216,0,0,0,0,False,69.6223964355886,datasets\All_contract_DB1\TradeCallee_1.sol,,
db1_0678_transferhelper_1,TransferHelper_1.sol,f4a92f8b5a37077dac5037a8a7a065fcaec735f8,,0,ok,1.729257700033486,0,0,0,0,False,0.9009865671396255,datasets\All_contract_DB1\TransferHelper_1.sol,,
db1_0679_transferhelper_2,TransferHelper_2.sol,f4a92f8b5a37077dac5037a8a7a065fcaec735f8,db1_0678_transferhelper_1,0,ok,1.729257700033486,0,0,0,0,False,0.9420582167804241,datasets\All_contract_DB1\TransferHelper_2.sol,,
db1_0680_transferhelper_3,TransferHelper_3.sol,f4a92f8b5a37077dac5037a8a7a065fcaec735f8,db1_0678_transferhelper_1,0,ok,1.729257700033486,0,0,0,0,False,0.9130035806447268,datasets\All_contract_DB1\TransferHelper_3.sol,,
db1_0681_transferhelper_4,TransferHelper_4.sol,f4a92f8b5a37077dac5037a8a7a065fcaec735f8,db1_0678_transferhelper_1,0,ok,1.729257700033486,0,0,0,0,False,0.9150540605187416,datasets\All_contract_DB1\TransferHelper_4.sol,,
db1_0682_transferhelper_5,TransferHelper_5.sol,f4a92f8b5a37077dac5037a8a7a065fcaec735f8,db1_0678_transferhelper_1,0,ok,1.729257700033486,0,0,0,0,False,0.9125671815127134,datasets\All_contract_DB1\TransferHelper_5.sol,,
db1_0683_transfers_1,Transfers_1.sol,dfde969fbba7fdce3bb4e24f5c40b8902b712c0a,,0,ok,1.8720036000013351,0,0,0,0,False,0.9345936756581068,datasets\All_contract_DB1\Transfers_1.sol,,
db1_0684_transfers_2,Transfers_2.sol,dfde969fbba7fdce3bb4e24f5c40b8902b712c0a,db1_0683_transfers_1,0,ok,1.8720036000013351,0,0,0,0,False,0.9221067689359188,datasets\All_contract_DB1\Transfers_2.sol,,
db1_0685_transfers_3,Transfers_3.sol,dfde969fbba7fdce3bb4e24f5c40b8902b712c0a,db1_0683_transfers_1,0,ok,1.8720036000013351,0,0,0,0,False,0.9367514178156853,datasets\All_contract_DB1\Transfers_3.sol,,
db1_0686_treasury_1,Treasury_1.sol,279530b4a102c62361b36e1e9e50e8fe3b36dda4,,0,ok,1.4649212999502197,0,0,0,0,False,1.1954098101705313,datasets\All_contract_DB1\Treasury_1.sol,,
db1_0687_treasury_2,Treasury_2.sol,279530b4a102c62361b36e1e9e50e8fe3b36dda4,db1_0686_treasury_1,0,ok,1.4649212999502197,0,0,0,0,False,1.1887559164315462,datasets\All_contract_DB1\Treasury_2.sol,,
db1_0688_uniswapfeature_1,UniswapFeature_1.sol,f342c9724dc3da1ffac4e604f720cb55445fb4b7,,,compile_failed,3.3474055000115186,,,,,False,1.0312548950314522,datasets\All_contract_DB1\UniswapFeature_1.sol,,"======================================================================
  Reentrancy Guardian - Semantic ICFG Reentrancy Detector
======================================================================
[0.0%] Phase 1: Parsing: 0/4
[-] Failed to load project: Invalid compilation: 
Invalid solc compilation, none of the solc versions provided worked:
0.6.12: Invalid solc compilation Error: Definition of base has to precede definition of derived contract

    --> D:/code/icfg/datasets/All_contract_DB1/UniswapFeature_1.sol:1053:5:

     |

1053 |     IERC20TokenV06

     |     ^^^^^^^^^^^^^^




[ERROR] Analysis failed: Invalid compilation: 
Invalid solc compilation, none of the solc versions provided worked:
0.6.12: Invalid solc compilation Error: Definition of base has to precede definition of derived contract

    --> D:/code/icfg/datasets/All_contract_DB1/UniswapFeature_1.sol:1053:5:

     |

1053 |     IERC20TokenV06

     |     ^^^^^^^^^^^^^^





[ERROR] Analysis failed: Invalid compilation: 
Invalid solc compilation, none of the solc versions provided worked:
0.6.12: Invalid solc compilation Error: Definition of base has to precede definition of derived contract

    --> D:/code/icfg/datasets/All_contract_DB1/UniswapFeature_1.sol:1053:5:

     |

1053 |     IERC20TokenV06

     |     ^^^^^^^^^^^^^^"
db1_0689_uniswapv3pool_1,UniswapV3Pool_1.sol,fa40ef1cc248f8c88cc7793637a2227eab4d6c48,,1,ok,81.45523479999974,118,102,0,16,False,0.925093712285161,datasets\All_contract_DB1\UniswapV3Pool_1.sol,results\all_contract_db1_reentrancy\reports\db1_0689_uniswapv3pool_1,
db1_0690_uniswapv3pool_10,UniswapV3Pool_10.sol,fa40ef1cc248f8c88cc7793637a2227eab4d6c48,db1_0689_uniswapv3pool_1,1,ok,81.45523479999974,118,102,0,16,False,0.9121514670550823,datasets\All_contract_DB1\UniswapV3Pool_10.sol,results\all_contract_db1_reentrancy\reports\db1_0689_uniswapv3pool_1,
db1_0691_uniswapv3pool_11,UniswapV3Pool_11.sol,fa40ef1cc248f8c88cc7793637a2227eab4d6c48,db1_0689_uniswapv3pool_1,1,ok,81.45523479999974,118,102,0,16,False,0.9063297379761934,datasets\All_contract_DB1\UniswapV3Pool_11.sol,results\all_contract_db1_reentrancy\reports\db1_0689_uniswapv3pool_1,
db1_0692_uniswapv3pool_12,UniswapV3Pool_12.sol,fa40ef1cc248f8c88cc7793637a2227eab4d6c48,db1_0689_uniswapv3pool_1,1,ok,81.45523479999974,118,102,0,16,False,0.9099126923829317,datasets\All_contract_DB1\UniswapV3Pool_12.sol,results\all_contract_db1_reentrancy\reports\db1_0689_uniswapv3pool_1,
db1_0693_uniswapv3pool_13,UniswapV3Pool_13.sol,fa40ef1cc248f8c88cc7793637a2227eab4d6c48,db1_0689_uniswapv3pool_1,1,ok,81.45523479999974,118,102,0,16,False,0.9080045316368341,datasets\All_contract_DB1\UniswapV3Pool_13.sol,results\all_contract_db1_reentrancy\reports\db1_0689_uniswapv3pool_1,
db1_0694_uniswapv3pool_14,UniswapV3Pool_14.sol,fa40ef1cc248f8c88cc7793637a2227eab4d6c48,db1_0689_uniswapv3pool_1,1,ok,81.45523479999974,118,102,0,16,False,0.925905829295516,datasets\All_contract_DB1\UniswapV3Pool_14.sol,results\all_contract_db1_reentrancy\reports\db1_0689_uniswapv3pool_1,
db1_0695_uniswapv3pool_15,UniswapV3Pool_15.sol,fa40ef1cc248f8c88cc7793637a2227eab4d6c48,db1_0689_uniswapv3pool_1,1,ok,81.45523479999974,118,102,0,16,False,0.9006187207996845,datasets\All_contract_DB1\UniswapV3Pool_15.sol,results\all_contract_db1_reentrancy\reports\db1_0689_uniswapv3pool_1,
db1_0696_uniswapv3pool_2,UniswapV3Pool_2.sol,fa40ef1cc248f8c88cc7793637a2227eab4d6c48,db1_0689_uniswapv3pool_1,1,ok,81.45523479999974,118,102,0,16,False,0.896292869001627,datasets\All_contract_DB1\UniswapV3Pool_2.sol,results\all_contract_db1_reentrancy\reports\db1_0689_uniswapv3pool_1,
db1_0697_uniswapv3pool_3,UniswapV3Pool_3.sol,fa40ef1cc248f8c88cc7793637a2227eab4d6c48,db1_0689_uniswapv3pool_1,1,ok,81.45523479999974,118,102,0,16,False,0.9714965727180243,datasets\All_contract_DB1\UniswapV3Pool_3.sol,results\all_contract_db1_reentrancy\reports\db1_0689_uniswapv3pool_1,
db1_0698_uniswapv3pool_4,UniswapV3Pool_4.sol,fa40ef1cc248f8c88cc7793637a2227eab4d6c48,db1_0689_uniswapv3pool_1,1,ok,81.45523479999974,118,102,0,16,False,0.996623931452632,datasets\All_contract_DB1\UniswapV3Pool_4.sol,results\all_contract_db1_reentrancy\reports\db1_0689_uniswapv3pool_1,
db1_0699_uniswapv3pool_5,UniswapV3Pool_5.sol,fa40ef1cc248f8c88cc7793637a2227eab4d6c48,db1_0689_uniswapv3pool_1,1,ok,81.45523479999974,118,102,0,16,False,0.9648712575435638,datasets\All_contract_DB1\UniswapV3Pool_5.sol,results\all_contract_db1_reentrancy\reports\db1_0689_uniswapv3pool_1,
db1_0700_uniswapv3pool_6,UniswapV3Pool_6.sol,fa40ef1cc248f8c88cc7793637a2227eab4d6c48,db1_0689_uniswapv3pool_1,1,ok,81.45523479999974,118,102,0,16,False,0.958190331235528,datasets\All_contract_DB1\UniswapV3Pool_6.sol,results\all_contract_db1_reentrancy\reports\db1_0689_uniswapv3pool_1,
db1_0701_uniswapv3pool_7,UniswapV3Pool_7.sol,fa40ef1cc248f8c88cc7793637a2227eab4d6c48,db1_0689_uniswapv3pool_1,1,ok,81.45523479999974,118,102,0,16,False,0.9632442388683558,datasets\All_contract_DB1\UniswapV3Pool_7.sol,results\all_contract_db1_reentrancy\reports\db1_0689_uniswapv3pool_1,
db1_0702_uniswapv3pool_8,UniswapV3Pool_8.sol,fa40ef1cc248f8c88cc7793637a2227eab4d6c48,db1_0689_uniswapv3pool_1,1,ok,81.45523479999974,118,102,0,16,False,0.988866776227951,datasets\All_contract_DB1\UniswapV3Pool_8.sol,results\all_contract_db1_reentrancy\reports\db1_0689_uniswapv3pool_1,
db1_0703_uniswapv3pool_9,UniswapV3Pool_9.sol,fa40ef1cc248f8c88cc7793637a2227eab4d6c48,db1_0689_uniswapv3pool_1,1,ok,81.45523479999974,118,102,0,16,False,0.9826785139739513,datasets\All_contract_DB1\UniswapV3Pool_9.sol,results\all_contract_db1_reentrancy\reports\db1_0689_uniswapv3pool_1,
db1_0704_units_1,Units_1.sol,ef7034055e6a1edc209edd582de946b093292427,,0,ok,5.41642630007118,0,0,0,0,False,2.7963874135166407,datasets\All_contract_DB1\Units_1.sol,,
db1_0705_units_10,Units_10.sol,ef7034055e6a1edc209edd582de946b093292427,db1_0704_units_1,0,ok,5.41642630007118,0,0,0,0,False,2.726237578317523,datasets\All_contract_DB1\Units_10.sol,,
db1_0706_units_100,Units_100.sol,ef7034055e6a1edc209edd582de946b093292427,db1_0704_units_1,0,ok,5.41642630007118,0,0,0,0,False,2.978432085365057,datasets\All_contract_DB1\Units_100.sol,,
db1_0707_units_101,Units_101.sol,ef7034055e6a1edc209edd582de946b093292427,db1_0704_units_1,0,ok,5.41642630007118,0,0,0,0,False,2.918366013094783,datasets\All_contract_DB1\Units_101.sol,,
db1_0708_units_102,Units_102.sol,ef7034055e6a1edc209edd582de946b093292427,db1_0704_units_1,0,ok,5.41642630007118,0,0,0,0,False,3.003400418907404,datasets\All_contract_DB1\Units_102.sol,,
db1_0709_units_103,Units_103.sol,ef7034055e6a1edc209edd582de946b093292427,db1_0704_units_1,0,ok,5.41642630007118,0,0,0,0,False,2.770253077149391,datasets\All_contract_DB1\Units_103.sol,,
db1_0710_units_104,Units_104.sol,ef7034055e6a1edc209edd582de946b093292427,db1_0704_units_1,0,ok,5.41642630007118,0,0,0,0,False,2.7709648218005896,datasets\All_contract_DB1\Units_104.sol,,
db1_0711_units_105,Units_105.sol,ef7034055e6a1edc209edd582de946b093292427,db1_0704_units_1,0,ok,5.41642630007118,0,0,0,0,False,2.7563386708498,datasets\All_contract_DB1\Units_105.sol,,
db1_0712_units_106,Units_106.sol,ef7034055e6a1edc209edd582de946b093292427,db1_0704_units_1,0,ok,5.41642630007118,0,0,0,0,False,2.7739763986319304,datasets\All_contract_DB1\Units_106.sol,,
db1_0713_units_107,Units_107.sol,ef7034055e6a1edc209edd582de946b093292427,db1_0704_units_1,0,ok,5.41642630007118,0,0,0,0,False,2.779153559356928,datasets\All_contract_DB1\Units_107.sol,,
db1_0714_units_11,Units_11.sol,ef7034055e6a1edc209edd582de946b093292427,db1_0704_units_1,0,ok,5.41642630007118,0,0,0,0,False,2.7805831134319305,datasets\All_contract_DB1\Units_11.sol,,
db1_0715_units_12,Units_12.sol,ef7034055e6a1edc209edd582de946b093292427,db1_0704_units_1,0,ok,5.41642630007118,0,0,0,0,False,2.793147848919034,datasets\All_contract_DB1\Units_12.sol,,
db1_0716_units_13,Units_13.sol,ef7034055e6a1edc209edd582de946b093292427,db1_0704_units_1,0,ok,5.41642630007118,0,0,0,0,False,2.859277682378888,datasets\All_contract_DB1\Units_13.sol,,
db1_0717_units_14,Units_14.sol,ef7034055e6a1edc209edd582de946b093292427,db1_0704_units_1,0,ok,5.41642630007118,0,0,0,0,False,2.745250530540943,datasets\All_contract_DB1\Units_14.sol,,
db1_0718_units_15,Units_15.sol,ef7034055e6a1edc209edd582de946b093292427,db1_0704_units_1,0,ok,5.41642630007118,0,0,0,0,False,2.7531081158667803,datasets\All_contract_DB1\Units_15.sol,,
db1_0719_units_16,Units_16.sol,ef7034055e6a1edc209edd582de946b093292427,db1_0704_units_1,0,ok,5.41642630007118,0,0,0,0,False,2.8067291770130396,datasets\All_contract_DB1\Units_16.sol,,
db1_0720_units_17,Units_17.sol,ef7034055e6a1edc209edd582de946b093292427,db1_0704_units_1,0,ok,5.41642630007118,0,0,0,0,False,2.785039337351918,datasets\All_contract_DB1\Units_17.sol,,
db1_0721_units_18,Units_18.sol,ef7034055e6a1edc209edd582de946b093292427,db1_0704_units_1,0,ok,5.41642630007118,0,0,0,0,False,2.8036504480987787,datasets\All_contract_DB1\Units_18.sol,,
db1_0722_units_19,Units_19.sol,ef7034055e6a1edc209edd582de946b093292427,db1_0704_units_1,0,ok,5.41642630007118,0,0,0,0,False,2.750690484419465,datasets\All_contract_DB1\Units_19.sol,,
db1_0723_units_2,Units_2.sol,ef7034055e6a1edc209edd582de946b093292427,db1_0704_units_1,0,ok,5.41642630007118,0,0,0,0,False,2.989926965907216,datasets\All_contract_DB1\Units_2.sol,,
db1_0724_units_20,Units_20.sol,ef7034055e6a1edc209edd582de946b093292427,db1_0704_units_1,0,ok,5.41642630007118,0,0,0,0,False,2.777215274050832,datasets\All_contract_DB1\Units_20.sol,,
db1_0725_units_21,Units_21.sol,ef7034055e6a1edc209edd582de946b093292427,db1_0704_units_1,0,ok,5.41642630007118,0,0,0,0,False,2.856363769620657,datasets\All_contract_DB1\Units_21.sol,,
db1_0726_units_22,Units_22.sol,ef7034055e6a1edc209edd582de946b093292427,db1_0704_units_1,0,ok,5.41642630007118,0,0,0,0,False,2.9211904797703028,datasets\All_contract_DB1\Units_22.sol,,
db1_0727_units_23,Units_23.sol,ef7034055e6a1edc209edd582de946b093292427,db1_0704_units_1,0,ok,5.41642630007118,0,0,0,0,False,3.0058007016777992,datasets\All_contract_DB1\Units_23.sol,,
db1_0728_units_24,Units_24.sol,ef7034055e6a1edc209edd582de946b093292427,db1_0704_units_1,0,ok,5.41642630007118,0,0,0,0,False,2.931297654286027,datasets\All_contract_DB1\Units_24.sol,,
db1_0729_units_25,Units_25.sol,ef7034055e6a1edc209edd582de946b093292427,db1_0704_units_1,0,ok,5.41642630007118,0,0,0,0,False,2.9111732598394156,datasets\All_contract_DB1\Units_25.sol,,
db1_0730_units_26,Units_26.sol,ef7034055e6a1edc209edd582de946b093292427,db1_0704_units_1,0,ok,5.41642630007118,0,0,0,0,False,2.932112419977784,datasets\All_contract_DB1\Units_26.sol,,
db1_0731_units_27,Units_27.sol,ef7034055e6a1edc209edd582de946b093292427,db1_0704_units_1,0,ok,5.41642630007118,0,0,0,0,False,3.0191075764596462,datasets\All_contract_DB1\Units_27.sol,,
db1_0732_units_28,Units_28.sol,ef7034055e6a1edc209edd582de946b093292427,db1_0704_units_1,0,ok,5.41642630007118,0,0,0,0,False,2.99410836212337,datasets\All_contract_DB1\Units_28.sol,,
db1_0733_units_29,Units_29.sol,ef7034055e6a1edc209edd582de946b093292427,db1_0704_units_1,0,ok,5.41642630007118,0,0,0,0,False,3.057042621076107,datasets\All_contract_DB1\Units_29.sol,,
db1_0734_units_3,Units_3.sol,ef7034055e6a1edc209edd582de946b093292427,db1_0704_units_1,0,ok,5.41642630007118,0,0,0,0,False,2.9018652867525816,datasets\All_contract_DB1\Units_3.sol,,
db1_0735_units_30,Units_30.sol,ef7034055e6a1edc209edd582de946b093292427,db1_0704_units_1,0,ok,5.41642630007118,0,0,0,0,False,3.00979240052402,datasets\All_contract_DB1\Units_30.sol,,
db1_0736_units_31,Units_31.sol,ef7034055e6a1edc209edd582de946b093292427,db1_0704_units_1,0,ok,5.41642630007118,0,0,0,0,False,2.9729473516345024,datasets\All_contract_DB1\Units_31.sol,,
db1_0737_units_32,Units_32.sol,ef7034055e6a1edc209edd582de946b093292427,db1_0704_units_1,0,ok,5.41642630007118,0,0,0,0,False,2.954599978402257,datasets\All_contract_DB1\Units_32.sol,,
db1_0738_units_33,Units_33.sol,ef7034055e6a1edc209edd582de946b093292427,db1_0704_units_1,0,ok,5.41642630007118,0,0,0,0,False,2.9923199750483036,datasets\All_contract_DB1\Units_33.sol,,
db1_0739_units_34,Units_34.sol,ef7034055e6a1edc209edd582de946b093292427,db1_0704_units_1,0,ok,5.41642630007118,0,0,0,0,False,2.7542315404862165,datasets\All_contract_DB1\Units_34.sol,,
db1_0740_units_35,Units_35.sol,ef7034055e6a1edc209edd582de946b093292427,db1_0704_units_1,0,ok,5.41642630007118,0,0,0,0,False,2.761901658028364,datasets\All_contract_DB1\Units_35.sol,,
db1_0741_units_36,Units_36.sol,ef7034055e6a1edc209edd582de946b093292427,db1_0704_units_1,0,ok,5.41642630007118,0,0,0,0,False,2.7385801877826452,datasets\All_contract_DB1\Units_36.sol,,
db1_0742_units_37,Units_37.sol,ef7034055e6a1edc209edd582de946b093292427,db1_0704_units_1,0,ok,5.41642630007118,0,0,0,0,False,2.7560766749083996,datasets\All_contract_DB1\Units_37.sol,,
db1_0743_units_38,Units_38.sol,ef7034055e6a1edc209edd582de946b093292427,db1_0704_units_1,0,ok,5.41642630007118,0,0,0,0,False,2.8561731707304716,datasets\All_contract_DB1\Units_38.sol,,
db1_0744_units_39,Units_39.sol,ef7034055e6a1edc209edd582de946b093292427,db1_0704_units_1,0,ok,5.41642630007118,0,0,0,0,False,2.917398365214467,datasets\All_contract_DB1\Units_39.sol,,
db1_0745_units_4,Units_4.sol,ef7034055e6a1edc209edd582de946b093292427,db1_0704_units_1,0,ok,5.41642630007118,0,0,0,0,False,2.9868533108383417,datasets\All_contract_DB1\Units_4.sol,,
db1_0746_units_40,Units_40.sol,ef7034055e6a1edc209edd582de946b093292427,db1_0704_units_1,0,ok,5.41642630007118,0,0,0,0,False,2.8504524771124125,datasets\All_contract_DB1\Units_40.sol,,
db1_0747_units_41,Units_41.sol,ef7034055e6a1edc209edd582de946b093292427,db1_0704_units_1,0,ok,5.41642630007118,0,0,0,0,False,2.7625309582799673,datasets\All_contract_DB1\Units_41.sol,,
db1_0748_units_42,Units_42.sol,ef7034055e6a1edc209edd582de946b093292427,db1_0704_units_1,0,ok,5.41642630007118,0,0,0,0,False,2.9012779220938683,datasets\All_contract_DB1\Units_42.sol,,
db1_0749_units_43,Units_43.sol,ef7034055e6a1edc209edd582de946b093292427,db1_0704_units_1,0,ok,5.41642630007118,0,0,0,0,False,2.9621392525732517,datasets\All_contract_DB1\Units_43.sol,,
db1_0750_units_44,Units_44.sol,ef7034055e6a1edc209edd582de946b093292427,db1_0704_units_1,0,ok,5.41642630007118,0,0,0,0,False,2.8623056914657354,datasets\All_contract_DB1\Units_44.sol,,
db1_0751_units_45,Units_45.sol,ef7034055e6a1edc209edd582de946b093292427,db1_0704_units_1,0,ok,5.41642630007118,0,0,0,0,False,2.7932910080999136,datasets\All_contract_DB1\Units_45.sol,,
db1_0752_units_46,Units_46.sol,ef7034055e6a1edc209edd582de946b093292427,db1_0704_units_1,0,ok,5.41642630007118,0,0,0,0,False,2.749994218349457,datasets\All_contract_DB1\Units_46.sol,,
db1_0753_units_47,Units_47.sol,ef7034055e6a1edc209edd582de946b093292427,db1_0704_units_1,0,ok,5.41642630007118,0,0,0,0,False,2.7477350775152445,datasets\All_contract_DB1\Units_47.sol,,
db1_0754_units_48,Units_48.sol,ef7034055e6a1edc209edd582de946b093292427,db1_0704_units_1,0,ok,5.41642630007118,0,0,0,0,False,2.807377390563488,datasets\All_contract_DB1\Units_48.sol,,
db1_0755_units_49,Units_49.sol,ef7034055e6a1edc209edd582de946b093292427,db1_0704_units_1,0,ok,5.41642630007118,0,0,0,0,False,2.8031361140310764,datasets\All_contract_DB1\Units_49.sol,,
db1_0756_units_5,Units_5.sol,ef7034055e6a1edc209edd582de946b093292427,db1_0704_units_1,0,ok,5.41642630007118,0,0,0,0,False,2.778677510097623,datasets\All_contract_DB1\Units_5.sol,,
db1_0757_units_50,Units_50.sol,ef7034055e6a1edc209edd582de946b093292427,db1_0704_units_1,0,ok,5.41642630007118,0,0,0,0,False,2.992058450356126,datasets\All_contract_DB1\Units_50.sol,,
db1_0758_units_51,Units_51.sol,ef7034055e6a1edc209edd582de946b093292427,db1_0704_units_1,0,ok,5.41642630007118,0,0,0,0,False,2.81283494643867,datasets\All_contract_DB1\Units_51.sol,,
db1_0759_units_52,Units_52.sol,ef7034055e6a1edc209edd582de946b093292427,db1_0704_units_1,0,ok,5.41642630007118,0,0,0,0,False,2.8754618819803,datasets\All_contract_DB1\Units_52.sol,,
db1_0760_units_53,Units_53.sol,ef7034055e6a1edc209edd582de946b093292427,db1_0704_units_1,0,ok,5.41642630007118,0,0,0,0,False,2.815521450713277,datasets\All_contract_DB1\Units_53.sol,,
db1_0761_units_54,Units_54.sol,ef7034055e6a1edc209edd582de946b093292427,db1_0704_units_1,0,ok,5.41642630007118,0,0,0,0,False,2.803028505295515,datasets\All_contract_DB1\Units_54.sol,,
db1_0762_units_55,Units_55.sol,ef7034055e6a1edc209edd582de946b093292427,db1_0704_units_1,0,ok,5.41642630007118,0,0,0,0,False,2.773840919137001,datasets\All_contract_DB1\Units_55.sol,,
db1_0763_units_56,Units_56.sol,ef7034055e6a1edc209edd582de946b093292427,db1_0704_units_1,0,ok,5.41642630007118,0,0,0,0,False,2.8347725309431553,datasets\All_contract_DB1\Units_56.sol,,
db1_0764_units_57,Units_57.sol,ef7034055e6a1edc209edd582de946b093292427,db1_0704_units_1,0,ok,5.41642630007118,0,0,0,0,False,2.8289623335003853,datasets\All_contract_DB1\Units_57.sol,,
db1_0765_units_58,Units_58.sol,ef7034055e6a1edc209edd582de946b093292427,db1_0704_units_1,0,ok,5.41642630007118,0,0,0,0,False,2.8128625005483627,datasets\All_contract_DB1\Units_58.sol,,
db1_0766_units_59,Units_59.sol,ef7034055e6a1edc209edd582de946b093292427,db1_0704_units_1,0,ok,5.41642630007118,0,0,0,0,False,2.884736094623804,datasets\All_contract_DB1\Units_59.sol,,
db1_0767_units_6,Units_6.sol,ef7034055e6a1edc209edd582de946b093292427,db1_0704_units_1,0,ok,5.41642630007118,0,0,0,0,False,2.827303033322096,datasets\All_contract_DB1\Units_6.sol,,
db1_0768_units_60,Units_60.sol,ef7034055e6a1edc209edd582de946b093292427,db1_0704_units_1,0,ok,5.41642630007118,0,0,0,0,False,2.765301102772355,datasets\All_contract_DB1\Units_60.sol,,
db1_0769_units_61,Units_61.sol,ef7034055e6a1edc209edd582de946b093292427,db1_0704_units_1,0,ok,5.41642630007118,0,0,0,0,False,2.755378158763051,datasets\All_contract_DB1\Units_61.sol,,
db1_0770_units_62,Units_62.sol,ef7034055e6a1edc209edd582de946b093292427,db1_0704_units_1,0,ok,5.41642630007118,0,0,0,0,False,2.812196934595704,datasets\All_contract_DB1\Units_62.sol,,
db1_0771_units_63,Units_63.sol,ef7034055e6a1edc209edd582de946b093292427,db1_0704_units_1,0,ok,5.41642630007118,0,0,0,0,False,2.799695633351803,datasets\All_contract_DB1\Units_63.sol,,
db1_0772_units_64,Units_64.sol,ef7034055e6a1edc209edd582de946b093292427,db1_0704_units_1,0,ok,5.41642630007118,0,0,0,0,False,2.7832542303949594,datasets\All_contract_DB1\Units_64.sol,,
db1_0773_units_65,Units_65.sol,ef7034055e6a1edc209edd582de946b093292427,db1_0704_units_1,0,ok,5.41642630007118,0,0,0,0,False,2.7691648341715336,datasets\All_contract_DB1\Units_65.sol,,
db1_0774_units_66,Units_66.sol,ef7034055e6a1edc209edd582de946b093292427,db1_0704_units_1,0,ok,5.41642630007118,0,0,0,0,False,2.8419765140861273,datasets\All_contract_DB1\Units_66.sol,,
db1_0775_units_67,Units_67.sol,ef7034055e6a1edc209edd582de946b093292427,db1_0704_units_1,0,ok,5.41642630007118,0,0,0,0,False,2.8345156125724316,datasets\All_contract_DB1\Units_67.sol,,
db1_0776_units_68,Units_68.sol,ef7034055e6a1edc209edd582de946b093292427,db1_0704_units_1,0,ok,5.41642630007118,0,0,0,0,False,2.788170276209712,datasets\All_contract_DB1\Units_68.sol,,
db1_0777_units_69,Units_69.sol,ef7034055e6a1edc209edd582de946b093292427,db1_0704_units_1,0,ok,5.41642630007118,0,0,0,0,False,2.7876937426626682,datasets\All_contract_DB1\Units_69.sol,,
db1_0778_units_7,Units_7.sol,ef7034055e6a1edc209edd582de946b093292427,db1_0704_units_1,0,ok,5.41642630007118,0,0,0,0,False,2.784427884966135,datasets\All_contract_DB1\Units_7.sol,,
db1_0779_units_70,Units_70.sol,ef7034055e6a1edc209edd582de946b093292427,db1_0704_units_1,0,ok,5.41642630007118,0,0,0,0,False,2.9250979609787464,datasets\All_contract_DB1\Units_70.sol,,
db1_0780_units_71,Units_71.sol,ef7034055e6a1edc209edd582de946b093292427,db1_0704_units_1,0,ok,5.41642630007118,0,0,0,0,False,2.81104639172554,datasets\All_contract_DB1\Units_71.sol,,
db1_0781_units_72,Units_72.sol,ef7034055e6a1edc209edd582de946b093292427,db1_0704_units_1,0,ok,5.41642630007118,0,0,0,0,False,2.7753585632890463,datasets\All_contract_DB1\Units_72.sol,,
db1_0782_units_73,Units_73.sol,ef7034055e6a1edc209edd582de946b093292427,db1_0704_units_1,0,ok,5.41642630007118,0,0,0,0,False,2.7749855276197195,datasets\All_contract_DB1\Units_73.sol,,
db1_0783_units_74,Units_74.sol,ef7034055e6a1edc209edd582de946b093292427,db1_0704_units_1,0,ok,5.41642630007118,0,0,0,0,False,2.7920011691749096,datasets\All_contract_DB1\Units_74.sol,,
db1_0784_units_75,Units_75.sol,ef7034055e6a1edc209edd582de946b093292427,db1_0704_units_1,0,ok,5.41642630007118,0,0,0,0,False,2.8548685871064663,datasets\All_contract_DB1\Units_75.sol,,
db1_0785_units_76,Units_76.sol,ef7034055e6a1edc209edd582de946b093292427,db1_0704_units_1,0,ok,5.41642630007118,0,0,0,0,False,2.841368827968836,datasets\All_contract_DB1\Units_76.sol,,
db1_0786_units_77,Units_77.sol,ef7034055e6a1edc209edd582de946b093292427,db1_0704_units_1,0,ok,5.41642630007118,0,0,0,0,False,2.792167939245701,datasets\All_contract_DB1\Units_77.sol,,
db1_0787_units_78,Units_78.sol,ef7034055e6a1edc209edd582de946b093292427,db1_0704_units_1,0,ok,5.41642630007118,0,0,0,0,False,2.831250661984086,datasets\All_contract_DB1\Units_78.sol,,
db1_0788_units_79,Units_79.sol,ef7034055e6a1edc209edd582de946b093292427,db1_0704_units_1,0,ok,5.41642630007118,0,0,0,0,False,2.750342797487974,datasets\All_contract_DB1\Units_79.sol,,
db1_0789_units_8,Units_8.sol,ef7034055e6a1edc209edd582de946b093292427,db1_0704_units_1,0,ok,5.41642630007118,0,0,0,0,False,2.7909374870359898,datasets\All_contract_DB1\Units_8.sol,,
db1_0790_units_80,Units_80.sol,ef7034055e6a1edc209edd582de946b093292427,db1_0704_units_1,0,ok,5.41642630007118,0,0,0,0,False,2.8193766977638006,datasets\All_contract_DB1\Units_80.sol,,
db1_0791_units_81,Units_81.sol,ef7034055e6a1edc209edd582de946b093292427,db1_0704_units_1,0,ok,5.41642630007118,0,0,0,0,False,2.7863016799092293,datasets\All_contract_DB1\Units_81.sol,,
db1_0792_units_82,Units_82.sol,ef7034055e6a1edc209edd582de946b093292427,db1_0704_units_1,0,ok,5.41642630007118,0,0,0,0,False,2.793059553951025,datasets\All_contract_DB1\Units_82.sol,,
db1_0793_units_83,Units_83.sol,ef7034055e6a1edc209edd582de946b093292427,db1_0704_units_1,0,ok,5.41642630007118,0,0,0,0,False,2.7792794611305,datasets\All_contract_DB1\Units_83.sol,,
db1_0794_units_84,Units_84.sol,ef7034055e6a1edc209edd582de946b093292427,db1_0704_units_1,0,ok,5.41642630007118,0,0,0,0,False,2.801588961854577,datasets\All_contract_DB1\Units_84.sol,,
db1_0795_units_85,Units_85.sol,ef7034055e6a1edc209edd582de946b093292427,db1_0704_units_1,0,ok,5.41642630007118,0,0,0,0,False,2.877531575039029,datasets\All_contract_DB1\Units_85.sol,,
db1_0796_units_86,Units_86.sol,ef7034055e6a1edc209edd582de946b093292427,db1_0704_units_1,0,ok,5.41642630007118,0,0,0,0,False,2.7942616511136293,datasets\All_contract_DB1\Units_86.sol,,
db1_0797_units_87,Units_87.sol,ef7034055e6a1edc209edd582de946b093292427,db1_0704_units_1,0,ok,5.41642630007118,0,0,0,0,False,2.785569429397583,datasets\All_contract_DB1\Units_87.sol,,
db1_0798_units_88,Units_88.sol,ef7034055e6a1edc209edd582de946b093292427,db1_0704_units_1,0,ok,5.41642630007118,0,0,0,0,False,2.7605775203555822,datasets\All_contract_DB1\Units_88.sol,,
db1_0799_units_89,Units_89.sol,ef7034055e6a1edc209edd582de946b093292427,db1_0704_units_1,0,ok,5.41642630007118,0,0,0,0,False,2.866483800113201,datasets\All_contract_DB1\Units_89.sol,,
db1_0800_units_9,Units_9.sol,ef7034055e6a1edc209edd582de946b093292427,db1_0704_units_1,0,ok,5.41642630007118,0,0,0,0,False,2.7896962556988,datasets\All_contract_DB1\Units_9.sol,,
db1_0801_units_90,Units_90.sol,ef7034055e6a1edc209edd582de946b093292427,db1_0704_units_1,0,ok,5.41642630007118,0,0,0,0,False,2.829403331503272,datasets\All_contract_DB1\Units_90.sol,,
db1_0802_units_91,Units_91.sol,ef7034055e6a1edc209edd582de946b093292427,db1_0704_units_1,0,ok,5.41642630007118,0,0,0,0,False,2.7658723555505276,datasets\All_contract_DB1\Units_91.sol,,
db1_0803_units_92,Units_92.sol,ef7034055e6a1edc209edd582de946b093292427,db1_0704_units_1,0,ok,5.41642630007118,0,0,0,0,False,2.82051607593894,datasets\All_contract_DB1\Units_92.sol,,
db1_0804_units_93,Units_93.sol,ef7034055e6a1edc209edd582de946b093292427,db1_0704_units_1,0,ok,5.41642630007118,0,0,0,0,False,2.795836916193366,datasets\All_contract_DB1\Units_93.sol,,
db1_0805_units_94,Units_94.sol,ef7034055e6a1edc209edd582de946b093292427,db1_0704_units_1,0,ok,5.41642630007118,0,0,0,0,False,2.8339777756482363,datasets\All_contract_DB1\Units_94.sol,,
db1_0806_units_95,Units_95.sol,ef7034055e6a1edc209edd582de946b093292427,db1_0704_units_1,0,ok,5.41642630007118,0,0,0,0,False,2.7356065902858973,datasets\All_contract_DB1\Units_95.sol,,
db1_0807_units_96,Units_96.sol,ef7034055e6a1edc209edd582de946b093292427,db1_0704_units_1,0,ok,5.41642630007118,0,0,0,0,False,2.767794646322727,datasets\All_contract_DB1\Units_96.sol,,
db1_0808_units_97,Units_97.sol,ef7034055e6a1edc209edd582de946b093292427,db1_0704_units_1,0,ok,5.41642630007118,0,0,0,0,False,2.7870656605809927,datasets\All_contract_DB1\Units_97.sol,,
db1_0809_units_98,Units_98.sol,ef7034055e6a1edc209edd582de946b093292427,db1_0704_units_1,0,ok,5.41642630007118,0,0,0,0,False,2.757446516305208,datasets\All_contract_DB1\Units_98.sol,,
db1_0810_units_99,Units_99.sol,ef7034055e6a1edc209edd582de946b093292427,db1_0704_units_1,0,ok,5.41642630007118,0,0,0,0,False,2.7790952138602734,datasets\All_contract_DB1\Units_99.sol,,
db1_0811_useraccounting_1,UserAccounting_1.sol,999b60e923c7a9b43020e1ab1fc583534fe3f202,,0,ok,1.8908619000576437,0,0,0,0,False,0.9880523942410946,datasets\All_contract_DB1\UserAccounting_1.sol,,
db1_0812_userconfiguration_1,UserConfiguration_1.sol,46766dd81ea36ed9ccd80dacc95355c8b37aefbf,,0,ok,2.471147899981588,0,0,0,0,False,3.390510991215706,datasets\All_contract_DB1\UserConfiguration_1.sol,,
db1_0813_userconfiguration_10,UserConfiguration_10.sol,46766dd81ea36ed9ccd80dacc95355c8b37aefbf,db1_0812_userconfiguration_1,0,ok,2.471147899981588,0,0,0,0,False,3.414588974788785,datasets\All_contract_DB1\UserConfiguration_10.sol,,
db1_0814_userconfiguration_11,UserConfiguration_11.sol,46766dd81ea36ed9ccd80dacc95355c8b37aefbf,db1_0812_userconfiguration_1,0,ok,2.471147899981588,0,0,0,0,False,3.3947355654090643,datasets\All_contract_DB1\UserConfiguration_11.sol,,
db1_0815_userconfiguration_12,UserConfiguration_12.sol,46766dd81ea36ed9ccd80dacc95355c8b37aefbf,db1_0812_userconfiguration_1,0,ok,2.471147899981588,0,0,0,0,False,3.39443994872272,datasets\All_contract_DB1\UserConfiguration_12.sol,,
db1_0816_userconfiguration_13,UserConfiguration_13.sol,46766dd81ea36ed9ccd80dacc95355c8b37aefbf,db1_0812_userconfiguration_1,0,ok,2.471147899981588,0,0,0,0,False,3.423489026725292,datasets\All_contract_DB1\UserConfiguration_13.sol,,
db1_0817_userconfiguration_14,UserConfiguration_14.sol,46766dd81ea36ed9ccd80dacc95355c8b37aefbf,db1_0812_userconfiguration_1,0,ok,2.471147899981588,0,0,0,0,False,3.42867536470294,datasets\All_contract_DB1\UserConfiguration_14.sol,,
db1_0818_userconfiguration_15,UserConfiguration_15.sol,46766dd81ea36ed9ccd80dacc95355c8b37aefbf,db1_0812_userconfiguration_1,0,ok,2.471147899981588,0,0,0,0,False,3.515329884365201,datasets\All_contract_DB1\UserConfiguration_15.sol,,
db1_0819_userconfiguration_17,UserConfiguration_17.sol,46766dd81ea36ed9ccd80dacc95355c8b37aefbf,db1_0812_userconfiguration_1,0,ok,2.471147899981588,0,0,0,0,False,3.4260541573166847,datasets\All_contract_DB1\UserConfiguration_17.sol,,
db1_0820_userconfiguration_2,UserConfiguration_2.sol,46766dd81ea36ed9ccd80dacc95355c8b37aefbf,db1_0812_userconfiguration_1,0,ok,2.471147899981588,0,0,0,0,False,3.393029611557722,datasets\All_contract_DB1\UserConfiguration_2.sol,,
db1_0821_userconfiguration_3,UserConfiguration_3.sol,46766dd81ea36ed9ccd80dacc95355c8b37aefbf,db1_0812_userconfiguration_1,0,ok,2.471147899981588,0,0,0,0,False,3.4115449879318476,datasets\All_contract_DB1\UserConfiguration_3.sol,,
db1_0822_userconfiguration_4,UserConfiguration_4.sol,46766dd81ea36ed9ccd80dacc95355c8b37aefbf,db1_0812_userconfiguration_1,0,ok,2.471147899981588,0,0,0,0,False,3.39853148534894,datasets\All_contract_DB1\UserConfiguration_4.sol,,
db1_0823_userconfiguration_5,UserConfiguration_5.sol,46766dd81ea36ed9ccd80dacc95355c8b37aefbf,db1_0812_userconfiguration_1,0,ok,2.471147899981588,0,0,0,0,False,3.4137713722884655,datasets\All_contract_DB1\UserConfiguration_5.sol,,
db1_0824_userconfiguration_6,UserConfiguration_6.sol,46766dd81ea36ed9ccd80dacc95355c8b37aefbf,db1_0812_userconfiguration_1,0,ok,2.471147899981588,0,0,0,0,False,3.4177096225321293,datasets\All_contract_DB1\UserConfiguration_6.sol,,
db1_0825_userconfiguration_7,UserConfiguration_7.sol,46766dd81ea36ed9ccd80dacc95355c8b37aefbf,db1_0812_userconfiguration_1,0,ok,2.471147899981588,0,0,0,0,False,3.381338393315673,datasets\All_contract_DB1\UserConfiguration_7.sol,,
db1_0826_userconfiguration_8,UserConfiguration_8.sol,46766dd81ea36ed9ccd80dacc95355c8b37aefbf,db1_0812_userconfiguration_1,0,ok,2.471147899981588,0,0,0,0,False,3.3930061236023903,datasets\All_contract_DB1\UserConfiguration_8.sol,,
db1_0827_userconfiguration_9,UserConfiguration_9.sol,46766dd81ea36ed9ccd80dacc95355c8b37aefbf,db1_0812_userconfiguration_1,0,ok,2.471147899981588,0,0,0,0,False,3.416817979887128,datasets\All_contract_DB1\UserConfiguration_9.sol,,
db1_0828_vaultbaseupgradeable_1,VaultBaseUpgradeable_1.sol,5190e06a9f512aa590e827dd040d61ed6fe1dc5c,,0,ok,2.1128864999627694,0,0,0,0,False,0.9052584003657103,datasets\All_contract_DB1\VaultBaseUpgradeable_1.sol,,
db1_0829_vaultbaseupgradeable_2,VaultBaseUpgradeable_2.sol,5190e06a9f512aa590e827dd040d61ed6fe1dc5c,db1_0828_vaultbaseupgradeable_1,0,ok,2.1128864999627694,0,0,0,0,False,0.9148968867957592,datasets\All_contract_DB1\VaultBaseUpgradeable_2.sol,,
db1_0830_vaultfactory_1,VaultFactory_1.sol,7298b421dde2ae0903efcf0ea88376f3bec10153,,,timeout,240.03152259998024,,,,,False,4.276829270645976,datasets\All_contract_DB1\VaultFactory_1.sol,,Process timeout after 240s
db1_0831_ve_1,ve_1.sol,98b354f11b113eb88cd9ef68456fcf0f77eeaff4,,,compile_failed,1.8603505999781191,,,,,False,142.4567981120199,datasets\All_contract_DB1\ve_1.sol,,"======================================================================
  Reentrancy Guardian - Semantic ICFG Reentrancy Detector
======================================================================
[0.0%] Phase 1: Parsing: 0/4
[-] Failed to load project: Invalid compilation: 
Invalid solc compilation, none of the solc versions provided worked:
0.8.9: 
Solidity version not found:
STDOUT:

STDERR:
Traceback (most recent call last):

  File ""<frozen runpy>"", line 198, in _run_module_as_main

  File ""<frozen runpy>"", line 88, in _run_code

  File ""D:\code\icfg\venv\Scripts\solc.EXE\__main__.py"", line 6, in <module>

    sys.exit(solc())

             ~~~~^^

  File ""D:\code\icfg\venv\Lib\site-packages\solc_select\__main__.py"", line 93, in solc

    res = current_version()

  File ""D:\code\icfg\venv\Lib\site-packages\solc_select\solc_select.py"", line 108, in current_version

    raise argparse.ArgumentTypeError(

    ...<3 lines>...

    )

argparse.ArgumentTypeError: 

Version '0.8.9' not installed (set by SOLC_VERSION).

Run `solc-select install 0.8.9`.

Or use one of the following versions: ['0.4.13', '0.4.19', '0.4.23', '0.4.24', '0.4.25', '0.4.26', '0.4.9', '0.5.0', '0.5.10', '0.5.11', '0.5.16', '0.5.17', '0.5.4', '0.6.10', '0.6.11', '0.6.12', '0.7.5', '0.7.6', '0.8.0', '0.8.10', '0.8.17', '0.8.20', '0.8.30', '0.8.6', '0.8.7']


[ERROR] Analysis failed: Invalid compilation: 
Invalid solc compilation, none of the solc versions provided worked:
0.8.9: 
Solidity version not found:
STDOUT:

STDERR:
Traceback (most recent call last):

  File ""<frozen runpy>"", line 198, in _run_module_as_main

  File ""<frozen runpy>"", line 88, in _run_code

  File ""D:\code\icfg\venv\Scripts\solc.EXE\__main__.py"", line 6, in <module>

    sys.exit(solc())

             ~~~~^^

  File ""D:\code\icfg\venv\Lib\site-packages\solc_select\__main__.py"", line 93, in solc

    res = current_version()

  File ""D:\code\icfg\venv\Lib\site-packages\solc_select\solc_select.py"", line 108,
...[truncated]"
db1_0832_ve_2,ve_2.sol,98b354f11b113eb88cd9ef68456fcf0f77eeaff4,db1_0831_ve_1,,compile_failed,1.8603505999781191,,,,,True,159.60921211913228,datasets\All_contract_DB1\ve_2.sol,,"======================================================================
  Reentrancy Guardian - Semantic ICFG Reentrancy Detector
======================================================================
[0.0%] Phase 1: Parsing: 0/4
[-] Failed to load project: Invalid compilation: 
Invalid solc compilation, none of the solc versions provided worked:
0.8.9: 
Solidity version not found:
STDOUT:

STDERR:
Traceback (most recent call last):

  File ""<frozen runpy>"", line 198, in _run_module_as_main

  File ""<frozen runpy>"", line 88, in _run_code

  File ""D:\code\icfg\venv\Scripts\solc.EXE\__main__.py"", line 6, in <module>

    sys.exit(solc())

             ~~~~^^

  File ""D:\code\icfg\venv\Lib\site-packages\solc_select\__main__.py"", line 93, in solc

    res = current_version()

  File ""D:\code\icfg\venv\Lib\site-packages\solc_select\solc_select.py"", line 108, in current_version

    raise argparse.ArgumentTypeError(

    ...<3 lines>...

    )

argparse.ArgumentTypeError: 

Version '0.8.9' not installed (set by SOLC_VERSION).

Run `solc-select install 0.8.9`.

Or use one of the following versions: ['0.4.13', '0.4.19', '0.4.23', '0.4.24', '0.4.25', '0.4.26', '0.4.9', '0.5.0', '0.5.10', '0.5.11', '0.5.16', '0.5.17', '0.5.4', '0.6.10', '0.6.11', '0.6.12', '0.7.5', '0.7.6', '0.8.0', '0.8.10', '0.8.17', '0.8.20', '0.8.30', '0.8.6', '0.8.7']


[ERROR] Analysis failed: Invalid compilation: 
Invalid solc compilation, none of the solc versions provided worked:
0.8.9: 
Solidity version not found:
STDOUT:

STDERR:
Traceback (most recent call last):

  File ""<frozen runpy>"", line 198, in _run_module_as_main

  File ""<frozen runpy>"", line 88, in _run_code

  File ""D:\code\icfg\venv\Scripts\solc.EXE\__main__.py"", line 6, in <module>

    sys.exit(solc())

             ~~~~^^

  File ""D:\code\icfg\venv\Lib\site-packages\solc_select\__main__.py"", line 93, in solc

    res = current_version()

  File ""D:\code\icfg\venv\Lib\site-packages\solc_select\solc_select.py"", line 108,
...[truncated]"
db1_0833_ve_3,ve_3.sol,98b354f11b113eb88cd9ef68456fcf0f77eeaff4,db1_0831_ve_1,,compile_failed,1.8603505999781191,,,,,False,104.47725786454976,datasets\All_contract_DB1\ve_3.sol,,"======================================================================
  Reentrancy Guardian - Semantic ICFG Reentrancy Detector
======================================================================
[0.0%] Phase 1: Parsing: 0/4
[-] Failed to load project: Invalid compilation: 
Invalid solc compilation, none of the solc versions provided worked:
0.8.9: 
Solidity version not found:
STDOUT:

STDERR:
Traceback (most recent call last):

  File ""<frozen runpy>"", line 198, in _run_module_as_main

  File ""<frozen runpy>"", line 88, in _run_code

  File ""D:\code\icfg\venv\Scripts\solc.EXE\__main__.py"", line 6, in <module>

    sys.exit(solc())

             ~~~~^^

  File ""D:\code\icfg\venv\Lib\site-packages\solc_select\__main__.py"", line 93, in solc

    res = current_version()

  File ""D:\code\icfg\venv\Lib\site-packages\solc_select\solc_select.py"", line 108, in current_version

    raise argparse.ArgumentTypeError(

    ...<3 lines>...

    )

argparse.ArgumentTypeError: 

Version '0.8.9' not installed (set by SOLC_VERSION).

Run `solc-select install 0.8.9`.

Or use one of the following versions: ['0.4.13', '0.4.19', '0.4.23', '0.4.24', '0.4.25', '0.4.26', '0.4.9', '0.5.0', '0.5.10', '0.5.11', '0.5.16', '0.5.17', '0.5.4', '0.6.10', '0.6.11', '0.6.12', '0.7.5', '0.7.6', '0.8.0', '0.8.10', '0.8.17', '0.8.20', '0.8.30', '0.8.6', '0.8.7']


[ERROR] Analysis failed: Invalid compilation: 
Invalid solc compilation, none of the solc versions provided worked:
0.8.9: 
Solidity version not found:
STDOUT:

STDERR:
Traceback (most recent call last):

  File ""<frozen runpy>"", line 198, in _run_module_as_main

  File ""<frozen runpy>"", line 88, in _run_code

  File ""D:\code\icfg\venv\Scripts\solc.EXE\__main__.py"", line 6, in <module>

    sys.exit(solc())

             ~~~~^^

  File ""D:\code\icfg\venv\Lib\site-packages\solc_select\__main__.py"", line 93, in solc

    res = current_version()

  File ""D:\code\icfg\venv\Lib\site-packages\solc_select\solc_select.py"", line 108,
...[truncated]"
db1_0834_vereward_1,VEReward_1.sol,5df4452f8484bb4fbeec445cb8651e05c6923020,,0,ok,6.475123799988069,0,0,0,0,False,1.6680056098848581,datasets\All_contract_DB1\VEReward_1.sol,,
db1_0835_vereward_2,VEReward_2.sol,5df4452f8484bb4fbeec445cb8651e05c6923020,db1_0834_vereward_1,0,ok,6.475123799988069,0,0,0,0,False,1.5734781008213758,datasets\All_contract_DB1\VEReward_2.sol,,
db1_0836_vesting_1,Vesting_1.sol,c7716373cc5435a6dc61a31a23dbc33a03c37cc1,,0,ok,2.4740138000342995,0,0,0,0,False,67.63536654412746,datasets\All_contract_DB1\Vesting_1.sol,,
db1_0837_vtoken_1,VToken_1.sol,ee1f7dc433b7b56db5dcae1ca0aa6747d80f8e38,,,timeout,240.02960690006148,,,,,False,14.937949888408184,datasets\All_contract_DB1\VToken_1.sol,,Process timeout after 240s
db1_0838_vtoken_10,VToken_10.sol,ee1f7dc433b7b56db5dcae1ca0aa6747d80f8e38,db1_0837_vtoken_1,,timeout,240.02960690006148,,,,,False,15.271386783570051,datasets\All_contract_DB1\VToken_10.sol,,Process timeout after 240s
db1_0839_vtoken_11,VToken_11.sol,ee1f7dc433b7b56db5dcae1ca0aa6747d80f8e38,db1_0837_vtoken_1,,timeout,240.02960690006148,,,,,False,15.263136615976691,datasets\All_contract_DB1\VToken_11.sol,,Process timeout after 240s
db1_0840_vtoken_12,VToken_12.sol,ee1f7dc433b7b56db5dcae1ca0aa6747d80f8e38,db1_0837_vtoken_1,,timeout,240.02960690006148,,,,,False,15.429709391668439,datasets\All_contract_DB1\VToken_12.sol,,Process timeout after 240s
db1_0841_vtoken_13,VToken_13.sol,ee1f7dc433b7b56db5dcae1ca0aa6747d80f8e38,db1_0837_vtoken_1,,timeout,240.02960690006148,,,,,False,15.041893506422639,datasets\All_contract_DB1\VToken_13.sol,,Process timeout after 240s
db1_0842_vtoken_14,VToken_14.sol,ee1f7dc433b7b56db5dcae1ca0aa6747d80f8e38,db1_0837_vtoken_1,,timeout,240.02960690006148,,,,,False,14.219224732369184,datasets\All_contract_DB1\VToken_14.sol,,Process timeout after 240s
db1_0843_vtoken_15,VToken_15.sol,ee1f7dc433b7b56db5dcae1ca0aa6747d80f8e38,db1_0837_vtoken_1,,timeout,240.02960690006148,,,,,False,14.212644396349788,datasets\All_contract_DB1\VToken_15.sol,,Process timeout after 240s
db1_0844_vtoken_16,VToken_16.sol,ee1f7dc433b7b56db5dcae1ca0aa6747d80f8e38,db1_0837_vtoken_1,,timeout,240.02960690006148,,,,,False,15.06197746284306,datasets\All_contract_DB1\VToken_16.sol,,Process timeout after 240s
db1_0845_vtoken_17,VToken_17.sol,ee1f7dc433b7b56db5dcae1ca0aa6747d80f8e38,db1_0837_vtoken_1,,timeout,240.02960690006148,,,,,False,15.00635894201696,datasets\All_contract_DB1\VToken_17.sol,,Process timeout after 240s
db1_0846_vtoken_18,VToken_18.sol,ee1f7dc433b7b56db5dcae1ca0aa6747d80f8e38,db1_0837_vtoken_1,,timeout,240.02960690006148,,,,,False,14.75911732390523,datasets\All_contract_DB1\VToken_18.sol,,Process timeout after 240s
db1_0847_vtoken_19,VToken_19.sol,ee1f7dc433b7b56db5dcae1ca0aa6747d80f8e38,db1_0837_vtoken_1,,timeout,240.02960690006148,,,,,False,14.354232616722584,datasets\All_contract_DB1\VToken_19.sol,,Process timeout after 240s
db1_0848_vtoken_2,VToken_2.sol,ee1f7dc433b7b56db5dcae1ca0aa6747d80f8e38,db1_0837_vtoken_1,,timeout,240.02960690006148,,,,,False,14.645201407372952,datasets\All_contract_DB1\VToken_2.sol,,Process timeout after 240s
db1_0849_vtoken_20,VToken_20.sol,ee1f7dc433b7b56db5dcae1ca0aa6747d80f8e38,db1_0837_vtoken_1,,timeout,240.02960690006148,,,,,False,14.455355746671557,datasets\All_contract_DB1\VToken_20.sol,,Process timeout after 240s
db1_0850_vtoken_21,VToken_21.sol,ee1f7dc433b7b56db5dcae1ca0aa6747d80f8e38,db1_0837_vtoken_1,,timeout,240.02960690006148,,,,,False,14.36943264119327,datasets\All_contract_DB1\VToken_21.sol,,Process timeout after 240s
db1_0851_vtoken_22,VToken_22.sol,ee1f7dc433b7b56db5dcae1ca0aa6747d80f8e38,db1_0837_vtoken_1,,timeout,240.02960690006148,,,,,False,14.177354054525495,datasets\All_contract_DB1\VToken_22.sol,,Process timeout after 240s
db1_0852_vtoken_23,VToken_23.sol,ee1f7dc433b7b56db5dcae1ca0aa6747d80f8e38,db1_0837_vtoken_1,,timeout,240.02960690006148,,,,,False,14.538885667920113,datasets\All_contract_DB1\VToken_23.sol,,Process timeout after 240s
db1_0853_vtoken_3,VToken_3.sol,ee1f7dc433b7b56db5dcae1ca0aa6747d80f8e38,db1_0837_vtoken_1,,timeout,240.02960690006148,,,,,False,14.26533947326243,datasets\All_contract_DB1\VToken_3.sol,,Process timeout after 240s
db1_0854_vtoken_4,VToken_4.sol,ee1f7dc433b7b56db5dcae1ca0aa6747d80f8e38,db1_0837_vtoken_1,,timeout,240.02960690006148,,,,,False,14.512998888269067,datasets\All_contract_DB1\VToken_4.sol,,Process timeout after 240s
db1_0855_vtoken_5,VToken_5.sol,ee1f7dc433b7b56db5dcae1ca0aa6747d80f8e38,db1_0837_vtoken_1,,timeout,240.02960690006148,,,,,False,13.965587543323636,datasets\All_contract_DB1\VToken_5.sol,,Process timeout after 240s
db1_0856_vtoken_6,VToken_6.sol,ee1f7dc433b7b56db5dcae1ca0aa6747d80f8e38,db1_0837_vtoken_1,,timeout,240.02960690006148,,,,,False,14.182865941897035,datasets\All_contract_DB1\VToken_6.sol,,Process timeout after 240s
db1_0857_vtoken_7,VToken_7.sol,ee1f7dc433b7b56db5dcae1ca0aa6747d80f8e38,db1_0837_vtoken_1,,timeout,240.02960690006148,,,,,False,14.5657277405262,datasets\All_contract_DB1\VToken_7.sol,,Process timeout after 240s
db1_0858_vtoken_8,VToken_8.sol,ee1f7dc433b7b56db5dcae1ca0aa6747d80f8e38,db1_0837_vtoken_1,,timeout,240.02960690006148,,,,,False,15.026782868430018,datasets\All_contract_DB1\VToken_8.sol,,Process timeout after 240s
db1_0859_vtoken_9,VToken_9.sol,ee1f7dc433b7b56db5dcae1ca0aa6747d80f8e38,db1_0837_vtoken_1,,timeout,240.02960690006148,,,,,False,14.812058310955763,datasets\All_contract_DB1\VToken_9.sol,,Process timeout after 240s
db1_0860_vvet9_1,VVET9_1.sol,edd9d68bd769e956b3fdc319cfb9e85281ae17d6,,0,ok,2.192852700012736,0,0,0,0,True,18.906743220984936,datasets\All_contract_DB1\VVET9_1.sol,,
db1_0861_vvet9_2,VVET9_2.sol,edd9d68bd769e956b3fdc319cfb9e85281ae17d6,db1_0860_vvet9_1,0,ok,2.192852700012736,0,0,0,0,True,72.41881276294589,datasets\All_contract_DB1\VVET9_2.sol,,
db1_0862_waultswapfactory0xb42e3fe71b7e0673335b3331b3e1053bd9822570_1,WaultSwapFactory0xB42E3FE71b7E0673335b3331B3e1053BD9822570_1.sol,445cb1c2ca50771088505e305730f74a801a8ea3,,1,ok,3.343772399937734,1,0,0,1,,,datasets\All_contract_DB1\WaultSwapFactory0xB42E3FE71b7E0673335b3331B3e1053BD9822570_1.sol,results\all_contract_db1_reentrancy\reports\db1_0862_waultswapfactory0xb42e3fe71b7e0673335b3331b3e1053bd9822570_1,
db1_0863_waultswaprouter0xd48745e39bbed146eec15b79cbf964884f9877c2_1,WaultSwapRouter0xD48745E39BbED146eEC15b79cBF964884F9877c2_1.sol,fe009363574c1f7d5bd9a4ad5e441bc378735c14,,0,ok,4.614250799990259,0,0,0,0,,,datasets\All_contract_DB1\WaultSwapRouter0xD48745E39BbED146eEC15b79cBF964884F9877c2_1.sol,,
db1_0864_wusdaavestrategy_1,WusdAaveStrategy_1.sol,22a9c12d6a74934f47edcaf739375f83b5a957ec,,,compile_failed,2.5013843999477103,,,,,True,6.3638295363634825,datasets\All_contract_DB1\WusdAaveStrategy_1.sol,,"======================================================================
  Reentrancy Guardian - Semantic ICFG Reentrancy Detector
======================================================================
[0.0%] Phase 1: Parsing: 0/4
[-] Failed to load project: Invalid compilation: 
Invalid solc compilation, none of the solc versions provided worked:
0.8.9: 
Solidity version not found:
STDOUT:

STDERR:
Traceback (most recent call last):

  File ""<frozen runpy>"", line 198, in _run_module_as_main

  File ""<frozen runpy>"", line 88, in _run_code

  File ""D:\code\icfg\venv\Scripts\solc.EXE\__main__.py"", line 6, in <module>

    sys.exit(solc())

             ~~~~^^

  File ""D:\code\icfg\venv\Lib\site-packages\solc_select\__main__.py"", line 93, in solc

    res = current_version()

  File ""D:\code\icfg\venv\Lib\site-packages\solc_select\solc_select.py"", line 108, in current_version

    raise argparse.ArgumentTypeError(

    ...<3 lines>...

    )

argparse.ArgumentTypeError: 

Version '0.8.9' not installed (set by SOLC_VERSION).

Run `solc-select install 0.8.9`.

Or use one of the following versions: ['0.4.13', '0.4.19', '0.4.23', '0.4.24', '0.4.25', '0.4.26', '0.4.9', '0.5.0', '0.5.10', '0.5.11', '0.5.16', '0.5.17', '0.5.4', '0.6.10', '0.6.11', '0.6.12', '0.7.5', '0.7.6', '0.8.0', '0.8.10', '0.8.17', '0.8.20', '0.8.30', '0.8.6', '0.8.7']


[ERROR] Analysis failed: Invalid compilation: 
Invalid solc compilation, none of the solc versions provided worked:
0.8.9: 
Solidity version not found:
STDOUT:

STDERR:
Traceback (most recent call last):

  File ""<frozen runpy>"", line 198, in _run_module_as_main

  File ""<frozen runpy>"", line 88, in _run_code

  File ""D:\code\icfg\venv\Scripts\solc.EXE\__main__.py"", line 6, in <module>

    sys.exit(solc())

             ~~~~^^

  File ""D:\code\icfg\venv\Lib\site-packages\solc_select\__main__.py"", line 93, in solc

    res = current_version()

  File ""D:\code\icfg\venv\Lib\site-packages\solc_select\solc_select.py"", line 108,
...[truncated]"
db1_0865_xmph_1,xMPH_1.sol,b10793e64cf40f9d7efb1dbee68fcd825d1f7e12,,,compile_failed,5.806891599902883,,,,,False,0.9174197874963284,datasets\All_contract_DB1\xMPH_1.sol,,"======================================================================
  Reentrancy Guardian - Semantic ICFG Reentrancy Detector
======================================================================
[0.0%] Phase 1: Parsing: 0/4
[-] Failed to load project: Invalid compilation: 
Invalid solc compilation, none of the solc versions provided worked:
0.8.30: Invalid solc compilation Error: Expected identifier but got '}'

    --> datasets/All_contract_DB1/xMPH_1.sol:2269:1:

     |

2269 | } from ""@openzeppelin/contracts-upgradeable/token/ERC20/ERC20Upgradeable.sol"";

     | ^




[ERROR] Analysis failed: Invalid compilation: 
Invalid solc compilation, none of the solc versions provided worked:
0.8.30: Invalid solc compilation Error: Expected identifier but got '}'

    --> datasets/All_contract_DB1/xMPH_1.sol:2269:1:

     |

2269 | } from ""@openzeppelin/contracts-upgradeable/token/ERC20/ERC20Upgradeable.sol"";

     | ^





[ERROR] Analysis failed: Invalid compilation: 
Invalid solc compilation, none of the solc versions provided worked:
0.8.30: Invalid solc compilation Error: Expected identifier but got '}'

    --> datasets/All_contract_DB1/xMPH_1.sol:2269:1:

     |

2269 | } from ""@openzeppelin/contracts-upgradeable/token/ERC20/ERC20Upgradeable.sol"";

     | ^"
db1_0866_xmph_2,xMPH_2.sol,b10793e64cf40f9d7efb1dbee68fcd825d1f7e12,db1_0865_xmph_1,,compile_failed,5.806891599902883,,,,,False,0.9483410716056824,datasets\All_contract_DB1\xMPH_2.sol,,"======================================================================
  Reentrancy Guardian - Semantic ICFG Reentrancy Detector
======================================================================
[0.0%] Phase 1: Parsing: 0/4
[-] Failed to load project: Invalid compilation: 
Invalid solc compilation, none of the solc versions provided worked:
0.8.30: Invalid solc compilation Error: Expected identifier but got '}'

    --> datasets/All_contract_DB1/xMPH_1.sol:2269:1:

     |

2269 | } from ""@openzeppelin/contracts-upgradeable/token/ERC20/ERC20Upgradeable.sol"";

     | ^




[ERROR] Analysis failed: Invalid compilation: 
Invalid solc compilation, none of the solc versions provided worked:
0.8.30: Invalid solc compilation Error: Expected identifier but got '}'

    --> datasets/All_contract_DB1/xMPH_1.sol:2269:1:

     |

2269 | } from ""@openzeppelin/contracts-upgradeable/token/ERC20/ERC20Upgradeable.sol"";

     | ^





[ERROR] Analysis failed: Invalid compilation: 
Invalid solc compilation, none of the solc versions provided worked:
0.8.30: Invalid solc compilation Error: Expected identifier but got '}'

    --> datasets/All_contract_DB1/xMPH_1.sol:2269:1:

     |

2269 | } from ""@openzeppelin/contracts-upgradeable/token/ERC20/ERC20Upgradeable.sol"";

     | ^"
db1_0867_xmph_3,xMPH_3.sol,b10793e64cf40f9d7efb1dbee68fcd825d1f7e12,db1_0865_xmph_1,,compile_failed,5.806891599902883,,,,,False,0.9147435035556555,datasets\All_contract_DB1\xMPH_3.sol,,"======================================================================
  Reentrancy Guardian - Semantic ICFG Reentrancy Detector
======================================================================
[0.0%] Phase 1: Parsing: 0/4
[-] Failed to load project: Invalid compilation: 
Invalid solc compilation, none of the solc versions provided worked:
0.8.30: Invalid solc compilation Error: Expected identifier but got '}'

    --> datasets/All_contract_DB1/xMPH_1.sol:2269:1:

     |

2269 | } from ""@openzeppelin/contracts-upgradeable/token/ERC20/ERC20Upgradeable.sol"";

     | ^




[ERROR] Analysis failed: Invalid compilation: 
Invalid solc compilation, none of the solc versions provided worked:
0.8.30: Invalid solc compilation Error: Expected identifier but got '}'

    --> datasets/All_contract_DB1/xMPH_1.sol:2269:1:

     |

2269 | } from ""@openzeppelin/contracts-upgradeable/token/ERC20/ERC20Upgradeable.sol"";

     | ^





[ERROR] Analysis failed: Invalid compilation: 
Invalid solc compilation, none of the solc versions provided worked:
0.8.30: Invalid solc compilation Error: Expected identifier but got '}'

    --> datasets/All_contract_DB1/xMPH_1.sol:2269:1:

     |

2269 | } from ""@openzeppelin/contracts-upgradeable/token/ERC20/ERC20Upgradeable.sol"";

     | ^"
db1_0868_xmph_4,xMPH_4.sol,b10793e64cf40f9d7efb1dbee68fcd825d1f7e12,db1_0865_xmph_1,,compile_failed,5.806891599902883,,,,,False,0.9131948091089725,datasets\All_contract_DB1\xMPH_4.sol,,"======================================================================
  Reentrancy Guardian - Semantic ICFG Reentrancy Detector
======================================================================
[0.0%] Phase 1: Parsing: 0/4
[-] Failed to load project: Invalid compilation: 
Invalid solc compilation, none of the solc versions provided worked:
0.8.30: Invalid solc compilation Error: Expected identifier but got '}'

    --> datasets/All_contract_DB1/xMPH_1.sol:2269:1:

     |

2269 | } from ""@openzeppelin/contracts-upgradeable/token/ERC20/ERC20Upgradeable.sol"";

     | ^




[ERROR] Analysis failed: Invalid compilation: 
Invalid solc compilation, none of the solc versions provided worked:
0.8.30: Invalid solc compilation Error: Expected identifier but got '}'

    --> datasets/All_contract_DB1/xMPH_1.sol:2269:1:

     |

2269 | } from ""@openzeppelin/contracts-upgradeable/token/ERC20/ERC20Upgradeable.sol"";

     | ^





[ERROR] Analysis failed: Invalid compilation: 
Invalid solc compilation, none of the solc versions provided worked:
0.8.30: Invalid solc compilation Error: Expected identifier but got '}'

    --> datasets/All_contract_DB1/xMPH_1.sol:2269:1:

     |

2269 | } from ""@openzeppelin/contracts-upgradeable/token/ERC20/ERC20Upgradeable.sol"";

     | ^"
db1_0869_xmph_5,xMPH_5.sol,b10793e64cf40f9d7efb1dbee68fcd825d1f7e12,db1_0865_xmph_1,,compile_failed,5.806891599902883,,,,,False,0.9167704116553068,datasets\All_contract_DB1\xMPH_5.sol,,"======================================================================
  Reentrancy Guardian - Semantic ICFG Reentrancy Detector
======================================================================
[0.0%] Phase 1: Parsing: 0/4
[-] Failed to load project: Invalid compilation: 
Invalid solc compilation, none of the solc versions provided worked:
0.8.30: Invalid solc compilation Error: Expected identifier but got '}'

    --> datasets/All_contract_DB1/xMPH_1.sol:2269:1:

     |

2269 | } from ""@openzeppelin/contracts-upgradeable/token/ERC20/ERC20Upgradeable.sol"";

     | ^




[ERROR] Analysis failed: Invalid compilation: 
Invalid solc compilation, none of the solc versions provided worked:
0.8.30: Invalid solc compilation Error: Expected identifier but got '}'

    --> datasets/All_contract_DB1/xMPH_1.sol:2269:1:

     |

2269 | } from ""@openzeppelin/contracts-upgradeable/token/ERC20/ERC20Upgradeable.sol"";

     | ^





[ERROR] Analysis failed: Invalid compilation: 
Invalid solc compilation, none of the solc versions provided worked:
0.8.30: Invalid solc compilation Error: Expected identifier but got '}'

    --> datasets/All_contract_DB1/xMPH_1.sol:2269:1:

     |

2269 | } from ""@openzeppelin/contracts-upgradeable/token/ERC20/ERC20Upgradeable.sol"";

     | ^"
db1_0870_xmph_6,xMPH_6.sol,b10793e64cf40f9d7efb1dbee68fcd825d1f7e12,db1_0865_xmph_1,,compile_failed,5.806891599902883,,,,,False,0.9082179944962263,datasets\All_contract_DB1\xMPH_6.sol,,"======================================================================
  Reentrancy Guardian - Semantic ICFG Reentrancy Detector
======================================================================
[0.0%] Phase 1: Parsing: 0/4
[-] Failed to load project: Invalid compilation: 
Invalid solc compilation, none of the solc versions provided worked:
0.8.30: Invalid solc compilation Error: Expected identifier but got '}'

    --> datasets/All_contract_DB1/xMPH_1.sol:2269:1:

     |

2269 | } from ""@openzeppelin/contracts-upgradeable/token/ERC20/ERC20Upgradeable.sol"";

     | ^




[ERROR] Analysis failed: Invalid compilation: 
Invalid solc compilation, none of the solc versions provided worked:
0.8.30: Invalid solc compilation Error: Expected identifier but got '}'

    --> datasets/All_contract_DB1/xMPH_1.sol:2269:1:

     |

2269 | } from ""@openzeppelin/contracts-upgradeable/token/ERC20/ERC20Upgradeable.sol"";

     | ^





[ERROR] Analysis failed: Invalid compilation: 
Invalid solc compilation, none of the solc versions provided worked:
0.8.30: Invalid solc compilation Error: Expected identifier but got '}'

    --> datasets/All_contract_DB1/xMPH_1.sol:2269:1:

     |

2269 | } from ""@openzeppelin/contracts-upgradeable/token/ERC20/ERC20Upgradeable.sol"";

     | ^"
db1_0871_xswap_1,XSwap_1.sol,b9d8b4b7ccc194f2aea8e36ee933e8fe07dccde0,,,timeout,240.02908429992385,,,,,False,5.198894891887903,datasets\All_contract_DB1\XSwap_1.sol,,Process timeout after 240s
db1_0872_yearnvaultadapter_1,YearnVaultAdapter_1.sol,2c059d1952fe9a31c96c01ef6dbc55327f040501,,,compile_failed,6.19061629998032,,,,,False,0.9318781886249781,datasets\All_contract_DB1\YearnVaultAdapter_1.sol,,"======================================================================
  Reentrancy Guardian - Semantic ICFG Reentrancy Detector
======================================================================
[0.0%] Phase 1: Parsing: 0/4
[-] Failed to load project: Invalid compilation: 
Invalid solc compilation, none of the solc versions provided worked:
0.7.6: Invalid solc compilation Error: Wrong argument count for function call: 0 arguments given but expected 1.

   --> D:/code/icfg/datasets/All_contract_DB1/YearnVaultAdapter_1.sol:705:9:

    |

705 |         updateApproval();

    |         ^^^^^^^^^^^^^^^^



Warning: Visibility for constructor is ignored. If you want the contract to be non-deployable, making it ""abstract"" is sufficient.

   --> D:/code/icfg/datasets/All_contract_DB1/YearnVaultAdapter_1.sol:700:5:

    |

700 |     constructor(IyVaultV2 _vault, address _admin) public {

    |     ^ (Relevant source part starts here and spans across multiple lines).




[ERROR] Analysis failed: Invalid compilation: 
Invalid solc compilation, none of the solc versions provided worked:
0.7.6: Invalid solc compilation Error: Wrong argument count for function call: 0 arguments given but expected 1.

   --> D:/code/icfg/datasets/All_contract_DB1/YearnVaultAdapter_1.sol:705:9:

    |

705 |         updateApproval();

    |         ^^^^^^^^^^^^^^^^



Warning: Visibility for constructor is ignored. If you want the contract to be non-deployable, making it ""abstract"" is sufficient.

   --> D:/code/icfg/datasets/All_contract_DB1/YearnVaultAdapter_1.sol:700:5:

    |

700 |     constructor(IyVaultV2 _vault, address _admin) public {

    |     ^ (Relevant source part starts here and spans across multiple lines).





[ERROR] Analysis failed: Invalid compilation: 
Invalid solc compilation, none of the solc versions provided worked:
0.7.6: Invalid solc compilation Error: Wrong argument count for function call: 0 arguments given but expected 1.

   --> D:/code/icfg/data
...[truncated]"
db1_0873_zauctionaccountant_1,zAuctionAccountant_1.sol,3969bbb5aa2a1520c17b20494cd5445961cd1224,,0,ok,2.212915000040084,0,0,0,0,True,1.638734944164753,datasets\All_contract_DB1\zAuctionAccountant_1.sol,,
db1_0874_zeroxwrapper_1,ZeroxWrapper_1.sol,df50636fc798ad07cef617d506915f6fb8c96edb,,0,ok,2.7898282000096515,0,0,0,0,True,69.38578437641263,datasets\All_contract_DB1\ZeroxWrapper_1.sol,,
db1_0875_zrxallowlist_1,ZrxAllowlist_1.sol,6dd62470151327019da279803b5137cc1de49907,,1,ok,2.2063700000289828,3,0,0,3,True,1.5808065589517355,datasets\All_contract_DB1\ZrxAllowlist_1.sol,results\all_contract_db1_reentrancy\reports\db1_0875_zrxallowlist_1,
db1_0876_zunami_1,Zunami_1.sol,c2c7b79574e9ad08e17ecb0e716aaf465098fdf5,,,timeout,240.0311570999911,,,,,,,datasets\All_contract_DB1\Zunami_1.sol,,Process timeout after 240s
db1_0877_zunami_2,Zunami_2.sol,c2c7b79574e9ad08e17ecb0e716aaf465098fdf5,db1_0876_zunami_1,,timeout,240.0311570999911,,,,,,,datasets\All_contract_DB1\Zunami_2.sol,,Process timeout after 240s
